algorithm,machine,size,variant,metric,value
aead,zen4,64,intel-one-shot-seal,core_cycles_per_byte,10.17370656
aead,zen4,64,intel-one-shot-seal,instructions_per_byte,15.29691281
aead,zen4,64,intel-one-shot-seal,tsc_ticks_per_byte,7.76017000
aead,zen4,64,intel-one-shot-open,core_cycles_per_byte,9.96705406
aead,zen4,64,intel-one-shot-open,instructions_per_byte,15.62503563
aead,zen4,64,intel-one-shot-open,tsc_ticks_per_byte,7.57677250
aead,zen4,64,boringssl-stitched-seal,core_cycles_per_byte,9.90462094
aead,zen4,64,boringssl-stitched-seal,instructions_per_byte,19.21879344
aead,zen4,64,boringssl-stitched-seal,tsc_ticks_per_byte,9.59868125
aead,zen4,64,boringssl-stitched-open,core_cycles_per_byte,9.77553781
aead,zen4,64,boringssl-stitched-open,instructions_per_byte,19.32816500
aead,zen4,64,boringssl-stitched-open,tsc_ticks_per_byte,7.80270625
aead,zen4,64,openssl-evp-seal,core_cycles_per_byte,28.20197312
aead,zen4,64,openssl-evp-seal,instructions_per_byte,68.56259438
aead,zen4,64,openssl-evp-seal,tsc_ticks_per_byte,22.31982250
aead,zen4,64,openssl-evp-open,core_cycles_per_byte,28.69017969
aead,zen4,64,openssl-evp-open,instructions_per_byte,69.81260906
aead,zen4,64,openssl-evp-open,tsc_ticks_per_byte,22.29638125
aead,zen4,64,ahead-fused-seal,core_cycles_per_byte,9.44865531
aead,zen4,64,ahead-fused-seal,instructions_per_byte,16.84379937
aead,zen4,64,ahead-fused-seal,tsc_ticks_per_byte,8.07193625
aead,zen4,64,ahead-fused-open,core_cycles_per_byte,9.59194313
aead,zen4,64,ahead-fused-open,instructions_per_byte,16.65629562
aead,zen4,64,ahead-fused-open,tsc_ticks_per_byte,7.38071625
aead,zen4,64,intel-direct-seal,core_cycles_per_byte,13.95641250
aead,zen4,64,intel-direct-seal,instructions_per_byte,22.84380219
aead,zen4,64,intel-direct-seal,tsc_ticks_per_byte,10.72520313
aead,zen4,64,intel-direct-open,core_cycles_per_byte,13.67935219
aead,zen4,64,intel-direct-open,instructions_per_byte,23.28130250
aead,zen4,64,intel-direct-open,tsc_ticks_per_byte,10.91445500
aead,zen4,128,intel-one-shot-seal,core_cycles_per_byte,5.48462984
aead,zen4,128,intel-one-shot-seal,instructions_per_byte,9.03126969
aead,zen4,128,intel-one-shot-seal,tsc_ticks_per_byte,4.18665000
aead,zen4,128,intel-one-shot-open,core_cycles_per_byte,5.40991656
aead,zen4,128,intel-one-shot-open,instructions_per_byte,9.20314813
aead,zen4,128,intel-one-shot-open,tsc_ticks_per_byte,4.16284656
aead,zen4,128,boringssl-stitched-seal,core_cycles_per_byte,5.43337406
aead,zen4,128,boringssl-stitched-seal,instructions_per_byte,11.12502594
aead,zen4,128,boringssl-stitched-seal,tsc_ticks_per_byte,4.25669469
aead,zen4,128,boringssl-stitched-open,core_cycles_per_byte,5.44579516
aead,zen4,128,boringssl-stitched-open,instructions_per_byte,11.17971375
aead,zen4,128,boringssl-stitched-open,tsc_ticks_per_byte,4.23585406
aead,zen4,128,openssl-evp-seal,core_cycles_per_byte,14.62296125
aead,zen4,128,openssl-evp-seal,instructions_per_byte,35.03911078
aead,zen4,128,openssl-evp-seal,tsc_ticks_per_byte,11.31075344
aead,zen4,128,openssl-evp-open,core_cycles_per_byte,14.87057797
aead,zen4,128,openssl-evp-open,instructions_per_byte,35.66410625
aead,zen4,128,openssl-evp-open,tsc_ticks_per_byte,11.44523781
aead,zen4,128,ahead-fused-seal,core_cycles_per_byte,5.46618172
aead,zen4,128,ahead-fused-seal,instructions_per_byte,10.00783234
aead,zen4,128,ahead-fused-seal,tsc_ticks_per_byte,4.20173719
aead,zen4,128,ahead-fused-open,core_cycles_per_byte,5.63983125
aead,zen4,128,ahead-fused-open,instructions_per_byte,9.91408281
aead,zen4,128,ahead-fused-open,tsc_ticks_per_byte,4.29575750
aead,zen4,128,intel-direct-seal,core_cycles_per_byte,7.29600281
aead,zen4,128,intel-direct-seal,instructions_per_byte,12.81252016
aead,zen4,128,intel-direct-seal,tsc_ticks_per_byte,5.55685281
aead,zen4,128,intel-direct-open,core_cycles_per_byte,7.33719766
aead,zen4,128,intel-direct-open,instructions_per_byte,13.03127594
aead,zen4,128,intel-direct-open,tsc_ticks_per_byte,5.59745937
aead,zen4,256,intel-one-shot-seal,core_cycles_per_byte,3.42869188
aead,zen4,256,intel-one-shot-seal,instructions_per_byte,5.92579719
aead,zen4,256,intel-one-shot-seal,tsc_ticks_per_byte,2.78875469
aead,zen4,256,intel-one-shot-open,core_cycles_per_byte,3.54959875
aead,zen4,256,intel-one-shot-open,instructions_per_byte,6.03516937
aead,zen4,256,intel-one-shot-open,tsc_ticks_per_byte,3.24265578
aead,zen4,256,boringssl-stitched-seal,core_cycles_per_byte,3.47178555
aead,zen4,256,boringssl-stitched-seal,instructions_per_byte,8.62110578
aead,zen4,256,boringssl-stitched-seal,tsc_ticks_per_byte,2.65635734
aead,zen4,256,boringssl-stitched-open,core_cycles_per_byte,3.45079570
aead,zen4,256,boringssl-stitched-open,instructions_per_byte,8.64844883
aead,zen4,256,boringssl-stitched-open,tsc_ticks_per_byte,2.64348187
aead,zen4,256,openssl-evp-seal,core_cycles_per_byte,7.51737273
aead,zen4,256,openssl-evp-seal,instructions_per_byte,17.89845750
aead,zen4,256,openssl-evp-seal,tsc_ticks_per_byte,5.74189500
aead,zen4,256,openssl-evp-open,core_cycles_per_byte,7.70711945
aead,zen4,256,openssl-evp-open,instructions_per_byte,18.21095430
aead,zen4,256,openssl-evp-open,tsc_ticks_per_byte,5.86423719
aead,zen4,256,ahead-fused-seal,core_cycles_per_byte,3.23718961
aead,zen4,256,ahead-fused-seal,instructions_per_byte,8.16017625
aead,zen4,256,ahead-fused-seal,tsc_ticks_per_byte,3.20430547
aead,zen4,256,ahead-fused-open,core_cycles_per_byte,3.28683719
aead,zen4,256,ahead-fused-open,instructions_per_byte,8.11329180
aead,zen4,256,ahead-fused-open,tsc_ticks_per_byte,2.60787766
aead,zen4,256,intel-direct-seal,core_cycles_per_byte,3.87698461
aead,zen4,256,intel-direct-seal,instructions_per_byte,6.55079461
aead,zen4,256,intel-direct-seal,tsc_ticks_per_byte,3.59904234
aead,zen4,256,intel-direct-open,core_cycles_per_byte,3.96854070
aead,zen4,256,intel-direct-open,instructions_per_byte,6.66017266
aead,zen4,256,intel-direct-open,tsc_ticks_per_byte,3.52851078
aead,zen4,512,intel-one-shot-seal,core_cycles_per_byte,2.22580242
aead,zen4,512,intel-one-shot-seal,instructions_per_byte,4.15039914
aead,zen4,512,intel-one-shot-seal,tsc_ticks_per_byte,2.07561492
aead,zen4,512,intel-one-shot-open,core_cycles_per_byte,2.27189496
aead,zen4,512,intel-one-shot-open,instructions_per_byte,4.23438461
aead,zen4,512,intel-one-shot-open,tsc_ticks_per_byte,1.93317578
aead,zen4,512,boringssl-stitched-seal,core_cycles_per_byte,2.58548328
aead,zen4,512,boringssl-stitched-seal,instructions_per_byte,6.91211926
aead,zen4,512,boringssl-stitched-seal,tsc_ticks_per_byte,2.02799172
aead,zen4,512,boringssl-stitched-open,core_cycles_per_byte,2.56805016
aead,zen4,512,boringssl-stitched-open,instructions_per_byte,7.07032250
aead,zen4,512,boringssl-stitched-open,tsc_ticks_per_byte,1.98802937
aead,zen4,512,openssl-evp-seal,core_cycles_per_byte,4.69058543
aead,zen4,512,openssl-evp-seal,instructions_per_byte,9.95899887
aead,zen4,512,openssl-evp-seal,tsc_ticks_per_byte,3.61538531
aead,zen4,512,openssl-evp-open,core_cycles_per_byte,4.76821102
aead,zen4,512,openssl-evp-open,instructions_per_byte,10.11525398
aead,zen4,512,openssl-evp-open,tsc_ticks_per_byte,3.80663813
aead,zen4,512,ahead-fused-seal,core_cycles_per_byte,2.26851098
aead,zen4,512,ahead-fused-seal,instructions_per_byte,6.61328766
aead,zen4,512,ahead-fused-seal,tsc_ticks_per_byte,1.77966617
aead,zen4,512,ahead-fused-open,core_cycles_per_byte,2.28699668
aead,zen4,512,ahead-fused-open,instructions_per_byte,6.58985281
aead,zen4,512,ahead-fused-open,tsc_ticks_per_byte,2.00085586
aead,zen4,512,intel-direct-seal,core_cycles_per_byte,2.33887262
aead,zen4,512,intel-direct-seal,instructions_per_byte,4.29297637
aead,zen4,512,intel-direct-seal,tsc_ticks_per_byte,2.19895461
aead,zen4,512,intel-direct-open,core_cycles_per_byte,2.45341043
aead,zen4,512,intel-direct-open,instructions_per_byte,4.34766578
aead,zen4,512,intel-direct-open,tsc_ticks_per_byte,2.16654922
aead,zen4,1024,intel-one-shot-seal,core_cycles_per_byte,1.56878823
aead,zen4,1024,intel-one-shot-seal,instructions_per_byte,2.66797450
aead,zen4,1024,intel-one-shot-seal,tsc_ticks_per_byte,1.43116617
aead,zen4,1024,intel-one-shot-open,core_cycles_per_byte,1.60917240
aead,zen4,1024,intel-one-shot-open,instructions_per_byte,2.73828745
aead,zen4,1024,intel-one-shot-open,tsc_ticks_per_byte,1.42233390
aead,zen4,1024,boringssl-stitched-seal,core_cycles_per_byte,2.06739312
aead,zen4,1024,boringssl-stitched-seal,instructions_per_byte,6.22071013
aead,zen4,1024,boringssl-stitched-seal,tsc_ticks_per_byte,1.60066116
aead,zen4,1024,boringssl-stitched-open,core_cycles_per_byte,2.00923446
aead,zen4,1024,boringssl-stitched-open,instructions_per_byte,6.30274180
aead,zen4,1024,boringssl-stitched-open,tsc_ticks_per_byte,1.55537295
aead,zen4,1024,openssl-evp-seal,core_cycles_per_byte,2.43518218
aead,zen4,1024,openssl-evp-seal,instructions_per_byte,5.55567357
aead,zen4,1024,openssl-evp-seal,tsc_ticks_per_byte,1.89500052
aead,zen4,1024,openssl-evp-open,core_cycles_per_byte,2.46899456
aead,zen4,1024,openssl-evp-open,instructions_per_byte,5.63379511
aead,zen4,1024,openssl-evp-open,tsc_ticks_per_byte,1.87949675
aead,zen4,1024,ahead-fused-seal,core_cycles_per_byte,1.25559071
aead,zen4,1024,ahead-fused-seal,instructions_per_byte,3.58984900
aead,zen4,1024,ahead-fused-seal,tsc_ticks_per_byte,1.15541774
aead,zen4,1024,ahead-fused-open,core_cycles_per_byte,1.27486733
aead,zen4,1024,ahead-fused-open,instructions_per_byte,3.57812989
aead,zen4,1024,ahead-fused-open,tsc_ticks_per_byte,1.03753591
aead,zen4,1024,intel-direct-seal,core_cycles_per_byte,1.44188035
aead,zen4,1024,intel-direct-seal,instructions_per_byte,2.79102165
aead,zen4,1024,intel-direct-seal,tsc_ticks_per_byte,1.27958488
aead,zen4,1024,intel-direct-open,core_cycles_per_byte,1.50555784
aead,zen4,1024,intel-direct-open,instructions_per_byte,2.81836560
aead,zen4,1024,intel-direct-open,tsc_ticks_per_byte,1.34946960
aead,zen4,1025,intel-one-shot-seal,core_cycles_per_byte,1.63101623
aead,zen4,1025,intel-one-shot-seal,instructions_per_byte,2.71024885
aead,zen4,1025,intel-one-shot-seal,tsc_ticks_per_byte,1.40038987
aead,zen4,1025,intel-one-shot-open,core_cycles_per_byte,1.60782067
aead,zen4,1025,intel-one-shot-open,instructions_per_byte,2.78049245
aead,zen4,1025,intel-one-shot-open,tsc_ticks_per_byte,1.39433559
aead,zen4,1025,boringssl-stitched-seal,core_cycles_per_byte,2.07795952
aead,zen4,1025,boringssl-stitched-seal,instructions_per_byte,6.27122610
aead,zen4,1025,boringssl-stitched-seal,tsc_ticks_per_byte,1.60775094
aead,zen4,1025,boringssl-stitched-open,core_cycles_per_byte,1.98598762
aead,zen4,1025,boringssl-stitched-open,instructions_per_byte,6.35122553
aead,zen4,1025,boringssl-stitched-open,tsc_ticks_per_byte,1.61110763
aead,zen4,1025,openssl-evp-seal,core_cycles_per_byte,2.89693539
aead,zen4,1025,openssl-evp-seal,instructions_per_byte,6.07707991
aead,zen4,1025,openssl-evp-seal,tsc_ticks_per_byte,2.19893075
aead,zen4,1025,openssl-evp-open,core_cycles_per_byte,2.95563145
aead,zen4,1025,openssl-evp-open,instructions_per_byte,6.15512901
aead,zen4,1025,openssl-evp-open,tsc_ticks_per_byte,2.25055301
aead,zen4,1025,ahead-fused-seal,core_cycles_per_byte,1.54094408
aead,zen4,1025,ahead-fused-seal,instructions_per_byte,4.61171161
aead,zen4,1025,ahead-fused-seal,tsc_ticks_per_byte,1.21706363
aead,zen4,1025,ahead-fused-open,core_cycles_per_byte,1.58092501
aead,zen4,1025,ahead-fused-open,instructions_per_byte,4.60000486
aead,zen4,1025,ahead-fused-open,tsc_ticks_per_byte,1.34754452
aead,zen4,1025,intel-direct-seal,core_cycles_per_byte,1.86937975
aead,zen4,1025,intel-direct-seal,instructions_per_byte,3.22732446
aead,zen4,1025,intel-direct-seal,tsc_ticks_per_byte,1.81027853
aead,zen4,1025,intel-direct-open,core_cycles_per_byte,1.88471971
aead,zen4,1025,intel-direct-open,instructions_per_byte,3.25464043
aead,zen4,1025,intel-direct-open,tsc_ticks_per_byte,1.59404781
aead,zen4,1088,intel-one-shot-seal,core_cycles_per_byte,1.55412339
aead,zen4,1088,intel-one-shot-seal,instructions_per_byte,2.61397577
aead,zen4,1088,intel-one-shot-seal,tsc_ticks_per_byte,1.47836140
aead,zen4,1088,intel-one-shot-open,core_cycles_per_byte,1.57564082
aead,zen4,1088,intel-one-shot-open,instructions_per_byte,2.68015373
aead,zen4,1088,intel-one-shot-open,tsc_ticks_per_byte,1.45647912
aead,zen4,1088,boringssl-stitched-seal,core_cycles_per_byte,1.98402982
aead,zen4,1088,boringssl-stitched-seal,instructions_per_byte,6.03309557
aead,zen4,1088,boringssl-stitched-seal,tsc_ticks_per_byte,1.56402638
aead,zen4,1088,boringssl-stitched-open,core_cycles_per_byte,1.85714975
aead,zen4,1088,boringssl-stitched-open,instructions_per_byte,5.96967499
aead,zen4,1088,boringssl-stitched-open,tsc_ticks_per_byte,1.43693774
aead,zen4,1088,openssl-evp-seal,core_cycles_per_byte,2.96045204
aead,zen4,1088,openssl-evp-seal,instructions_per_byte,6.66269396
aead,zen4,1088,openssl-evp-seal,tsc_ticks_per_byte,2.42687328
aead,zen4,1088,openssl-evp-open,core_cycles_per_byte,3.00583079
aead,zen4,1088,openssl-evp-open,instructions_per_byte,6.73622331
aead,zen4,1088,openssl-evp-open,tsc_ticks_per_byte,2.60543543
aead,zen4,1088,ahead-fused-seal,core_cycles_per_byte,1.50777474
aead,zen4,1088,ahead-fused-seal,instructions_per_byte,4.39614576
aead,zen4,1088,ahead-fused-seal,tsc_ticks_per_byte,1.22670055
aead,zen4,1088,ahead-fused-open,core_cycles_per_byte,1.52220924
aead,zen4,1088,ahead-fused-open,instructions_per_byte,4.38511512
aead,zen4,1088,ahead-fused-open,tsc_ticks_per_byte,1.22232002
aead,zen4,1088,intel-direct-seal,core_cycles_per_byte,1.74983394
aead,zen4,1088,intel-direct-seal,instructions_per_byte,3.06250462
aead,zen4,1088,intel-direct-seal,tsc_ticks_per_byte,1.46723566
aead,zen4,1088,intel-direct-open,core_cycles_per_byte,1.80509517
aead,zen4,1088,intel-direct-open,instructions_per_byte,3.08824149
aead,zen4,1088,intel-direct-open,tsc_ticks_per_byte,1.73122836
aead,zen4,1200,intel-one-shot-seal,core_cycles_per_byte,1.46897760
aead,zen4,1200,intel-one-shot-seal,instructions_per_byte,2.44083911
aead,zen4,1200,intel-one-shot-seal,tsc_ticks_per_byte,1.23518573
aead,zen4,1200,intel-one-shot-open,core_cycles_per_byte,1.48265929
aead,zen4,1200,intel-one-shot-open,instructions_per_byte,2.50083807
aead,zen4,1200,intel-one-shot-open,tsc_ticks_per_byte,1.42314385
aead,zen4,1200,boringssl-stitched-seal,core_cycles_per_byte,1.95279749
aead,zen4,1200,boringssl-stitched-seal,instructions_per_byte,6.24083914
aead,zen4,1200,boringssl-stitched-seal,tsc_ticks_per_byte,1.50983478
aead,zen4,1200,boringssl-stitched-open,core_cycles_per_byte,1.99956828
aead,zen4,1200,boringssl-stitched-open,instructions_per_byte,6.05750632
aead,zen4,1200,boringssl-stitched-open,tsc_ticks_per_byte,1.67271732
aead,zen4,1200,openssl-evp-seal,core_cycles_per_byte,3.19717530
aead,zen4,1200,openssl-evp-seal,instructions_per_byte,6.38834272
aead,zen4,1200,openssl-evp-seal,tsc_ticks_per_byte,2.84100917
aead,zen4,1200,openssl-evp-open,core_cycles_per_byte,3.26578523
aead,zen4,1200,openssl-evp-open,instructions_per_byte,6.45500972
aead,zen4,1200,openssl-evp-open,tsc_ticks_per_byte,3.14358880
aead,zen4,1200,ahead-fused-seal,core_cycles_per_byte,1.50882552
aead,zen4,1200,ahead-fused-seal,instructions_per_byte,4.35083792
aead,zen4,1200,ahead-fused-seal,tsc_ticks_per_byte,1.22392878
aead,zen4,1200,ahead-fused-open,core_cycles_per_byte,1.52935558
aead,zen4,1200,ahead-fused-open,instructions_per_byte,4.34083947
aead,zen4,1200,ahead-fused-open,tsc_ticks_per_byte,1.39631971
aead,zen4,1200,intel-direct-seal,core_cycles_per_byte,1.65740231
aead,zen4,1200,intel-direct-seal,instructions_per_byte,2.85083873
aead,zen4,1200,intel-direct-seal,tsc_ticks_per_byte,1.48752587
aead,zen4,1200,intel-direct-open,core_cycles_per_byte,1.69503329
aead,zen4,1200,intel-direct-open,instructions_per_byte,2.87417275
aead,zen4,1200,intel-direct-open,tsc_ticks_per_byte,1.48284642
aead,zen4,1280,intel-one-shot-seal,core_cycles_per_byte,1.43048106
aead,zen4,1280,intel-one-shot-seal,instructions_per_byte,2.48672689
aead,zen4,1280,intel-one-shot-seal,tsc_ticks_per_byte,1.32528515
aead,zen4,1280,intel-one-shot-open,core_cycles_per_byte,1.46463304
aead,zen4,1280,intel-one-shot-open,instructions_per_byte,2.54297555
aead,zen4,1280,intel-one-shot-open,tsc_ticks_per_byte,1.34500774
aead,zen4,1280,boringssl-stitched-seal,core_cycles_per_byte,1.92779771
aead,zen4,1280,boringssl-stitched-seal,instructions_per_byte,6.33203846
aead,zen4,1280,boringssl-stitched-seal,tsc_ticks_per_byte,1.49717231
aead,zen4,1280,boringssl-stitched-open,core_cycles_per_byte,2.02001709
aead,zen4,1280,boringssl-stitched-open,instructions_per_byte,6.26719495
aead,zen4,1280,boringssl-stitched-open,tsc_ticks_per_byte,1.84171787
aead,zen4,1280,openssl-evp-seal,core_cycles_per_byte,2.56614035
aead,zen4,1280,openssl-evp-seal,instructions_per_byte,5.40860460
aead,zen4,1280,openssl-evp-seal,tsc_ticks_per_byte,2.25989214
aead,zen4,1280,openssl-evp-open,core_cycles_per_byte,2.61735624
aead,zen4,1280,openssl-evp-open,instructions_per_byte,5.47110370
aead,zen4,1280,openssl-evp-open,tsc_ticks_per_byte,2.05998226
aead,zen4,1280,ahead-fused-seal,core_cycles_per_byte,1.28951464
aead,zen4,1280,ahead-fused-seal,instructions_per_byte,3.75859846
aead,zen4,1280,ahead-fused-seal,tsc_ticks_per_byte,1.18975029
aead,zen4,1280,ahead-fused-open,core_cycles_per_byte,1.31548230
aead,zen4,1280,ahead-fused-open,instructions_per_byte,3.74922462
aead,zen4,1280,ahead-fused-open,tsc_ticks_per_byte,1.19909119
aead,zen4,1280,intel-direct-seal,core_cycles_per_byte,1.50500323
aead,zen4,1280,intel-direct-seal,instructions_per_byte,2.61172528
aead,zen4,1280,intel-direct-seal,tsc_ticks_per_byte,1.38349027
aead,zen4,1280,intel-direct-open,core_cycles_per_byte,1.54816466
aead,zen4,1280,intel-direct-open,instructions_per_byte,2.63360066
aead,zen4,1280,intel-direct-open,tsc_ticks_per_byte,1.47518132
aead,zen4,1350,intel-one-shot-seal,core_cycles_per_byte,1.40744740
aead,zen4,1350,intel-one-shot-seal,instructions_per_byte,2.44963583
aead,zen4,1350,intel-one-shot-seal,tsc_ticks_per_byte,1.33358236
aead,zen4,1350,intel-one-shot-open,core_cycles_per_byte,1.44652168
aead,zen4,1350,intel-one-shot-open,instructions_per_byte,2.50296937
aead,zen4,1350,intel-one-shot-open,tsc_ticks_per_byte,1.40840060
aead,zen4,1350,boringssl-stitched-seal,core_cycles_per_byte,1.99332252
aead,zen4,1350,boringssl-stitched-seal,instructions_per_byte,6.43704464
aead,zen4,1350,boringssl-stitched-seal,tsc_ticks_per_byte,1.54446414
aead,zen4,1350,boringssl-stitched-open,core_cycles_per_byte,1.90327637
aead,zen4,1350,boringssl-stitched-open,instructions_per_byte,6.28593278
aead,zen4,1350,boringssl-stitched-open,tsc_ticks_per_byte,1.46200496
aead,zen4,1350,openssl-evp-seal,core_cycles_per_byte,2.82113735
aead,zen4,1350,openssl-evp-seal,instructions_per_byte,5.99260144
aead,zen4,1350,openssl-evp-seal,tsc_ticks_per_byte,2.28746087
aead,zen4,1350,openssl-evp-open,core_cycles_per_byte,2.87724258
aead,zen4,1350,openssl-evp-open,instructions_per_byte,6.05186038
aead,zen4,1350,openssl-evp-open,tsc_ticks_per_byte,2.56229235
aead,zen4,1350,ahead-fused-seal,core_cycles_per_byte,1.28575194
aead,zen4,1350,ahead-fused-seal,instructions_per_byte,3.69630184
aead,zen4,1350,ahead-fused-seal,tsc_ticks_per_byte,1.25832132
aead,zen4,1350,ahead-fused-open,core_cycles_per_byte,1.29803971
aead,zen4,1350,ahead-fused-open,instructions_per_byte,3.68741331
aead,zen4,1350,ahead-fused-open,tsc_ticks_per_byte,1.07414941
aead,zen4,1350,intel-direct-seal,core_cycles_per_byte,1.61645336
aead,zen4,1350,intel-direct-seal,instructions_per_byte,2.86741483
aead,zen4,1350,intel-direct-seal,tsc_ticks_per_byte,1.36860249
aead,zen4,1350,intel-direct-open,core_cycles_per_byte,1.65664978
aead,zen4,1350,intel-direct-open,instructions_per_byte,2.88815479
aead,zen4,1350,intel-direct-open,tsc_ticks_per_byte,1.46668216
aead,zen4,1360,intel-one-shot-seal,core_cycles_per_byte,1.40214070
aead,zen4,1360,intel-one-shot-seal,instructions_per_byte,2.43162397
aead,zen4,1360,intel-one-shot-seal,tsc_ticks_per_byte,1.35784808
aead,zen4,1360,intel-one-shot-open,core_cycles_per_byte,1.43152156
aead,zen4,1360,intel-one-shot-open,instructions_per_byte,2.48456464
aead,zen4,1360,intel-one-shot-open,tsc_ticks_per_byte,1.32914813
aead,zen4,1360,boringssl-stitched-seal,core_cycles_per_byte,1.97361435
aead,zen4,1360,boringssl-stitched-seal,instructions_per_byte,6.34412388
aead,zen4,1360,boringssl-stitched-seal,tsc_ticks_per_byte,1.52389378
aead,zen4,1360,boringssl-stitched-open,core_cycles_per_byte,1.87009914
aead,zen4,1360,boringssl-stitched-open,instructions_per_byte,6.19044720
aead,zen4,1360,boringssl-stitched-open,tsc_ticks_per_byte,1.43510648
aead,zen4,1360,openssl-evp-seal,core_cycles_per_byte,2.82061780
aead,zen4,1360,openssl-evp-seal,instructions_per_byte,5.92059899
aead,zen4,1360,openssl-evp-seal,tsc_ticks_per_byte,2.48838985
aead,zen4,1360,openssl-evp-open,core_cycles_per_byte,2.86135656
aead,zen4,1360,openssl-evp-open,instructions_per_byte,5.97942115
aead,zen4,1360,openssl-evp-open,tsc_ticks_per_byte,2.45570234
aead,zen4,1360,ahead-fused-seal,core_cycles_per_byte,1.27769432
aead,zen4,1360,ahead-fused-seal,instructions_per_byte,3.72059336
aead,zen4,1360,ahead-fused-seal,tsc_ticks_per_byte,1.04221766
aead,zen4,1360,ahead-fused-open,core_cycles_per_byte,1.30504337
aead,zen4,1360,ahead-fused-open,instructions_per_byte,3.71176992
aead,zen4,1360,ahead-fused-open,tsc_ticks_per_byte,1.07982704
aead,zen4,1360,intel-direct-seal,core_cycles_per_byte,1.55147476
aead,zen4,1360,intel-direct-seal,instructions_per_byte,2.78897634
aead,zen4,1360,intel-direct-seal,tsc_ticks_per_byte,1.39862621
aead,zen4,1360,intel-direct-open,core_cycles_per_byte,1.60265930
aead,zen4,1360,intel-direct-open,instructions_per_byte,2.80956529
aead,zen4,1360,intel-direct-open,tsc_ticks_per_byte,1.44403289
aead,zen4,1420,intel-one-shot-seal,core_cycles_per_byte,1.35484643
aead,zen4,1420,intel-one-shot-seal,instructions_per_byte,2.32887875
aead,zen4,1420,intel-one-shot-seal,tsc_ticks_per_byte,1.16465587
aead,zen4,1420,intel-one-shot-open,core_cycles_per_byte,1.36272982
aead,zen4,1420,intel-one-shot-open,instructions_per_byte,2.37958331
aead,zen4,1420,intel-one-shot-open,tsc_ticks_per_byte,1.27456116
aead,zen4,1420,boringssl-stitched-seal,core_cycles_per_byte,1.96400311
aead,zen4,1420,boringssl-stitched-seal,instructions_per_byte,6.29859891
aead,zen4,1420,boringssl-stitched-seal,tsc_ticks_per_byte,1.61055125
aead,zen4,1420,boringssl-stitched-open,core_cycles_per_byte,1.84678665
aead,zen4,1420,boringssl-stitched-open,instructions_per_byte,6.12394909
aead,zen4,1420,boringssl-stitched-open,tsc_ticks_per_byte,1.53334212
aead,zen4,1420,openssl-evp-seal,core_cycles_per_byte,2.66303110
aead,zen4,1420,openssl-evp-seal,instructions_per_byte,5.36127565
aead,zen4,1420,openssl-evp-seal,tsc_ticks_per_byte,2.27301251
aead,zen4,1420,openssl-evp-open,core_cycles_per_byte,2.70968737
aead,zen4,1420,openssl-evp-open,instructions_per_byte,5.41761526
aead,zen4,1420,openssl-evp-open,tsc_ticks_per_byte,2.49600324
aead,zen4,1420,ahead-fused-seal,core_cycles_per_byte,1.23159805
aead,zen4,1420,ahead-fused-seal,instructions_per_byte,3.55352670
aead,zen4,1420,ahead-fused-seal,tsc_ticks_per_byte,1.19758080
aead,zen4,1420,ahead-fused-open,core_cycles_per_byte,1.25306326
aead,zen4,1420,ahead-fused-open,instructions_per_byte,3.54507579
aead,zen4,1420,ahead-fused-open,tsc_ticks_per_byte,1.02770688
aead,zen4,1420,intel-direct-seal,core_cycles_per_byte,1.53161107
aead,zen4,1420,intel-direct-seal,instructions_per_byte,2.70564102
aead,zen4,1420,intel-direct-seal,tsc_ticks_per_byte,1.47626484
aead,zen4,1420,intel-direct-open,core_cycles_per_byte,1.54399485
aead,zen4,1420,intel-direct-open,instructions_per_byte,2.72535852
aead,zen4,1420,intel-direct-open,tsc_ticks_per_byte,1.35659261
aead,zen4,1500,intel-one-shot-seal,core_cycles_per_byte,1.40691281
aead,zen4,1500,intel-one-shot-seal,instructions_per_byte,2.52067203
aead,zen4,1500,intel-one-shot-seal,tsc_ticks_per_byte,1.30598322
aead,zen4,1500,intel-one-shot-open,core_cycles_per_byte,1.44126932
aead,zen4,1500,intel-one-shot-open,instructions_per_byte,2.58467176
aead,zen4,1500,intel-one-shot-open,tsc_ticks_per_byte,1.24862903
aead,zen4,1500,boringssl-stitched-seal,core_cycles_per_byte,1.88499408
aead,zen4,1500,boringssl-stitched-seal,instructions_per_byte,6.14000691
aead,zen4,1500,boringssl-stitched-seal,tsc_ticks_per_byte,1.58214589
aead,zen4,1500,boringssl-stitched-open,core_cycles_per_byte,1.87684191
aead,zen4,1500,boringssl-stitched-open,instructions_per_byte,6.21667194
aead,zen4,1500,boringssl-stitched-open,tsc_ticks_per_byte,1.43344152
aead,zen4,1500,openssl-evp-seal,core_cycles_per_byte,2.63892530
aead,zen4,1500,openssl-evp-seal,instructions_per_byte,5.61534445
aead,zen4,1500,openssl-evp-seal,tsc_ticks_per_byte,2.41057839
aead,zen4,1500,openssl-evp-open,core_cycles_per_byte,2.67063066
aead,zen4,1500,openssl-evp-open,instructions_per_byte,5.66867927
aead,zen4,1500,openssl-evp-open,tsc_ticks_per_byte,2.43336469
aead,zen4,1500,ahead-fused-seal,core_cycles_per_byte,1.22853363
aead,zen4,1500,ahead-fused-seal,instructions_per_byte,3.49133885
aead,zen4,1500,ahead-fused-seal,tsc_ticks_per_byte,1.09709676
aead,zen4,1500,ahead-fused-open,core_cycles_per_byte,1.24846392
aead,zen4,1500,ahead-fused-open,instructions_per_byte,3.48333944
aead,zen4,1500,ahead-fused-open,tsc_ticks_per_byte,1.13279491
aead,zen4,1500,intel-direct-seal,core_cycles_per_byte,1.49743499
aead,zen4,1500,intel-direct-seal,instructions_per_byte,2.63667263
aead,zen4,1500,intel-direct-seal,tsc_ticks_per_byte,1.45073962
aead,zen4,1500,intel-direct-open,core_cycles_per_byte,1.54245325
aead,zen4,1500,intel-direct-open,instructions_per_byte,2.65533891
aead,zen4,1500,intel-direct-open,tsc_ticks_per_byte,1.27165542
aead,zen4,1536,intel-one-shot-seal,core_cycles_per_byte,1.33375355
aead,zen4,1536,intel-one-shot-seal,instructions_per_byte,2.41081376
aead,zen4,1536,intel-one-shot-seal,tsc_ticks_per_byte,1.13995289
aead,zen4,1536,intel-one-shot-open,core_cycles_per_byte,1.37124139
aead,zen4,1536,intel-one-shot-open,instructions_per_byte,2.47331236
aead,zen4,1536,intel-one-shot-open,tsc_ticks_per_byte,1.15771510
aead,zen4,1536,boringssl-stitched-seal,core_cycles_per_byte,1.85923216
aead,zen4,1536,boringssl-stitched-seal,instructions_per_byte,5.98307891
aead,zen4,1536,boringssl-stitched-seal,tsc_ticks_per_byte,1.43002832
aead,zen4,1536,boringssl-stitched-open,core_cycles_per_byte,1.80618130
aead,zen4,1536,boringssl-stitched-open,instructions_per_byte,6.04688248
aead,zen4,1536,boringssl-stitched-open,tsc_ticks_per_byte,1.52112480
aead,zen4,1536,openssl-evp-seal,core_cycles_per_byte,2.19550032
aead,zen4,1536,openssl-evp-seal,instructions_per_byte,4.60482477
aead,zen4,1536,openssl-evp-seal,tsc_ticks_per_byte,1.78891593
aead,zen4,1536,openssl-evp-open,core_cycles_per_byte,2.23657304
aead,zen4,1536,openssl-evp-open,instructions_per_byte,4.65690962
aead,zen4,1536,openssl-evp-open,tsc_ticks_per_byte,2.08899366
aead,zen4,1536,ahead-fused-seal,core_cycles_per_byte,1.11829056
aead,zen4,1536,ahead-fused-seal,instructions_per_byte,3.22787016
aead,zen4,1536,ahead-fused-seal,tsc_ticks_per_byte,1.10122346
aead,zen4,1536,ahead-fused-open,core_cycles_per_byte,1.14955478
aead,zen4,1536,ahead-fused-open,instructions_per_byte,3.22005745
aead,zen4,1536,ahead-fused-open,tsc_ticks_per_byte,1.08652354
aead,zen4,1536,intel-direct-seal,core_cycles_per_byte,1.38006036
aead,zen4,1536,intel-direct-seal,instructions_per_byte,2.46810477
aead,zen4,1536,intel-direct-seal,tsc_ticks_per_byte,1.19385449
aead,zen4,1536,intel-direct-open,core_cycles_per_byte,1.44172103
aead,zen4,1536,intel-direct-open,instructions_per_byte,2.48633459
aead,zen4,1536,intel-direct-open,tsc_ticks_per_byte,1.37992628
aead,zen4,1537,intel-one-shot-seal,core_cycles_per_byte,1.36651578
aead,zen4,1537,intel-one-shot-seal,instructions_per_byte,2.43917251
aead,zen4,1537,intel-one-shot-seal,tsc_ticks_per_byte,1.21723566
aead,zen4,1537,intel-one-shot-open,core_cycles_per_byte,1.36119320
aead,zen4,1537,intel-one-shot-open,instructions_per_byte,2.50163203
aead,zen4,1537,intel-one-shot-open,tsc_ticks_per_byte,1.14026227
aead,zen4,1537,boringssl-stitched-seal,core_cycles_per_byte,1.85807063
aead,zen4,1537,boringssl-stitched-seal,instructions_per_byte,6.01692260
aead,zen4,1537,boringssl-stitched-seal,tsc_ticks_per_byte,1.44539027
aead,zen4,1537,boringssl-stitched-open,core_cycles_per_byte,1.80895578
aead,zen4,1537,boringssl-stitched-open,instructions_per_byte,6.07938232
aead,zen4,1537,boringssl-stitched-open,tsc_ticks_per_byte,1.50483603
aead,zen4,1537,openssl-evp-seal,core_cycles_per_byte,2.47078392
aead,zen4,1537,openssl-evp-seal,instructions_per_byte,4.95316331
aead,zen4,1537,openssl-evp-seal,tsc_ticks_per_byte,2.08603674
aead,zen4,1537,openssl-evp-open,core_cycles_per_byte,2.54791314
aead,zen4,1537,openssl-evp-open,instructions_per_byte,5.00521508
aead,zen4,1537,openssl-evp-open,tsc_ticks_per_byte,2.42475792
aead,zen4,1537,ahead-fused-seal,core_cycles_per_byte,1.28364809
aead,zen4,1537,ahead-fused-seal,instructions_per_byte,3.26610739
aead,zen4,1537,ahead-fused-seal,tsc_ticks_per_byte,1.10958526
aead,zen4,1537,ahead-fused-open,core_cycles_per_byte,1.30583982
aead,zen4,1537,ahead-fused-open,instructions_per_byte,3.25830188
aead,zen4,1537,ahead-fused-open,tsc_ticks_per_byte,1.20694355
aead,zen4,1537,intel-direct-seal,core_cycles_per_byte,1.52549488
aead,zen4,1537,intel-direct-seal,instructions_per_byte,2.78790417
aead,zen4,1537,intel-direct-seal,tsc_ticks_per_byte,1.36045318
aead,zen4,1537,intel-direct-open,core_cycles_per_byte,1.54954266
aead,zen4,1537,intel-direct-open,instructions_per_byte,2.80612231
aead,zen4,1537,intel-direct-open,tsc_ticks_per_byte,1.35007387
aead,zen4,1600,intel-one-shot-seal,core_cycles_per_byte,1.31769831
aead,zen4,1600,intel-one-shot-seal,instructions_per_byte,2.38438025
aead,zen4,1600,intel-one-shot-seal,tsc_ticks_per_byte,1.27169466
aead,zen4,1600,intel-one-shot-open,core_cycles_per_byte,1.35840780
aead,zen4,1600,intel-one-shot-open,instructions_per_byte,2.44438090
aead,zen4,1600,intel-one-shot-open,tsc_ticks_per_byte,1.24420736
aead,zen4,1600,boringssl-stitched-seal,core_cycles_per_byte,1.82234684
aead,zen4,1600,boringssl-stitched-seal,instructions_per_byte,5.86500578
aead,zen4,1600,boringssl-stitched-seal,tsc_ticks_per_byte,1.43329002
aead,zen4,1600,boringssl-stitched-open,core_cycles_per_byte,1.74250137
aead,zen4,1600,boringssl-stitched-open,instructions_per_byte,5.83063194
aead,zen4,1600,boringssl-stitched-open,tsc_ticks_per_byte,1.35254387
aead,zen4,1600,openssl-evp-seal,core_cycles_per_byte,2.16133071
aead,zen4,1600,openssl-evp-seal,instructions_per_byte,4.87063320
aead,zen4,1600,openssl-evp-seal,tsc_ticks_per_byte,1.79484926
aead,zen4,1600,openssl-evp-open,core_cycles_per_byte,2.19384120
aead,zen4,1600,openssl-evp-open,instructions_per_byte,4.92063373
aead,zen4,1600,openssl-evp-open,tsc_ticks_per_byte,1.75332894
aead,zen4,1600,ahead-fused-seal,core_cycles_per_byte,1.26130287
aead,zen4,1600,ahead-fused-seal,instructions_per_byte,3.17188028
aead,zen4,1600,ahead-fused-seal,tsc_ticks_per_byte,1.22184016
aead,zen4,1600,ahead-fused-open,core_cycles_per_byte,1.27403182
aead,zen4,1600,ahead-fused-open,instructions_per_byte,3.16438066
aead,zen4,1600,ahead-fused-open,tsc_ticks_per_byte,1.19051023
aead,zen4,1600,intel-direct-seal,core_cycles_per_byte,1.46862390
aead,zen4,1600,intel-direct-seal,instructions_per_byte,2.69313162
aead,zen4,1600,intel-direct-seal,tsc_ticks_per_byte,1.30548102
aead,zen4,1600,intel-direct-open,core_cycles_per_byte,1.51929802
aead,zen4,1600,intel-direct-open,instructions_per_byte,2.71063293
aead,zen4,1600,intel-direct-open,tsc_ticks_per_byte,1.49433152
aead,zen4,1984,intel-one-shot-seal,core_cycles_per_byte,1.12648173
aead,zen4,1984,intel-one-shot-seal,instructions_per_byte,2.02168000
aead,zen4,1984,intel-one-shot-seal,tsc_ticks_per_byte,1.10420068
aead,zen4,1984,intel-one-shot-open,core_cycles_per_byte,1.15991723
aead,zen4,1984,intel-one-shot-open,instructions_per_byte,2.07208180
aead,zen4,1984,intel-one-shot-open,tsc_ticks_per_byte,0.96048693
aead,zen4,1984,boringssl-stitched-seal,core_cycles_per_byte,1.76845315
aead,zen4,1984,boringssl-stitched-seal,instructions_per_byte,5.94254748
aead,zen4,1984,boringssl-stitched-seal,tsc_ticks_per_byte,1.42531394
aead,zen4,1984,boringssl-stitched-open,core_cycles_per_byte,1.67798430
aead,zen4,1984,boringssl-stitched-open,instructions_per_byte,5.81553078
aead,zen4,1984,boringssl-stitched-open,tsc_ticks_per_byte,1.29388580
aead,zen4,1984,openssl-evp-seal,core_cycles_per_byte,1.79115859
aead,zen4,1984,openssl-evp-seal,instructions_per_byte,4.13357928
aead,zen4,1984,openssl-evp-seal,tsc_ticks_per_byte,1.64307316
aead,zen4,1984,openssl-evp-open,core_cycles_per_byte,1.83123473
aead,zen4,1984,openssl-evp-open,instructions_per_byte,4.17389834
aead,zen4,1984,openssl-evp-open,tsc_ticks_per_byte,1.49010330
aead,zen4,1984,ahead-fused-seal,core_cycles_per_byte,1.08616701
aead,zen4,1984,ahead-fused-seal,instructions_per_byte,2.67389730
aead,zen4,1984,ahead-fused-seal,tsc_ticks_per_byte,1.05387477
aead,zen4,1984,ahead-fused-open,core_cycles_per_byte,1.09729122
aead,zen4,1984,ahead-fused-open,instructions_per_byte,2.66784861
aead,zen4,1984,ahead-fused-open,tsc_ticks_per_byte,1.07617641
aead,zen4,1984,intel-direct-seal,core_cycles_per_byte,1.25148629
aead,zen4,1984,intel-direct-seal,instructions_per_byte,2.27923876
aead,zen4,1984,intel-direct-seal,tsc_ticks_per_byte,1.11916018
aead,zen4,1984,intel-direct-open,core_cycles_per_byte,1.29097560
aead,zen4,1984,intel-direct-open,instructions_per_byte,2.29335220
aead,zen4,1984,intel-direct-open,tsc_ticks_per_byte,1.11312609
aead,zen4,2048,intel-one-shot-seal,core_cycles_per_byte,1.25445142
aead,zen4,2048,intel-one-shot-seal,instructions_per_byte,2.10205537
aead,zen4,2048,intel-one-shot-seal,tsc_ticks_per_byte,1.05884254
aead,zen4,2048,intel-one-shot-open,core_cycles_per_byte,1.27959353
aead,zen4,2048,intel-one-shot-open,instructions_per_byte,2.14795446
aead,zen4,2048,intel-one-shot-open,tsc_ticks_per_byte,1.13457769
aead,zen4,2048,boringssl-stitched-seal,core_cycles_per_byte,1.75132123
aead,zen4,2048,boringssl-stitched-seal,instructions_per_byte,5.86426508
aead,zen4,2048,boringssl-stitched-seal,tsc_ticks_per_byte,1.36431199
aead,zen4,2048,boringssl-stitched-open,core_cycles_per_byte,1.72371587
aead,zen4,2048,boringssl-stitched-open,instructions_per_byte,5.91895115
aead,zen4,2048,boringssl-stitched-open,tsc_ticks_per_byte,1.32675529
aead,zen4,2048,openssl-evp-seal,core_cycles_per_byte,1.71314821
aead,zen4,2048,openssl-evp-seal,instructions_per_byte,3.56348288
aead,zen4,2048,openssl-evp-seal,tsc_ticks_per_byte,1.57077026
aead,zen4,2048,openssl-evp-open,core_cycles_per_byte,1.70527226
aead,zen4,2048,openssl-evp-open,instructions_per_byte,3.60254458
aead,zen4,2048,openssl-evp-open,tsc_ticks_per_byte,1.42313570
aead,zen4,2048,ahead-fused-seal,core_cycles_per_byte,1.02340406
aead,zen4,2048,ahead-fused-seal,instructions_per_byte,2.55664620
aead,zen4,2048,ahead-fused-seal,tsc_ticks_per_byte,0.83141285
aead,zen4,2048,ahead-fused-open,core_cycles_per_byte,1.03397021
aead,zen4,2048,ahead-fused-open,instructions_per_byte,2.55078572
aead,zen4,2048,ahead-fused-open,tsc_ticks_per_byte,0.92962450
aead,zen4,2048,intel-direct-seal,core_cycles_per_byte,1.17683995
aead,zen4,2048,intel-direct-seal,instructions_per_byte,2.16309083
aead,zen4,2048,intel-direct-seal,tsc_ticks_per_byte,1.12464917
aead,zen4,2048,intel-direct-open,core_cycles_per_byte,1.21799856
aead,zen4,2048,intel-direct-open,instructions_per_byte,2.17676198
aead,zen4,2048,intel-direct-open,tsc_ticks_per_byte,1.10617375
aead,zen4,2049,intel-one-shot-seal,core_cycles_per_byte,1.27337817
aead,zen4,2049,intel-one-shot-seal,instructions_per_byte,2.12348008
aead,zen4,2049,intel-one-shot-seal,tsc_ticks_per_byte,1.12807635
aead,zen4,2049,intel-one-shot-open,core_cycles_per_byte,1.27244470
aead,zen4,2049,intel-one-shot-open,instructions_per_byte,2.16935567
aead,zen4,2049,intel-one-shot-open,tsc_ticks_per_byte,1.18187974
aead,zen4,2049,boringssl-stitched-seal,core_cycles_per_byte,1.75535545
aead,zen4,2049,boringssl-stitched-seal,instructions_per_byte,5.88970837
aead,zen4,2049,boringssl-stitched-seal,tsc_ticks_per_byte,1.35581979
aead,zen4,2049,boringssl-stitched-open,core_cycles_per_byte,1.73240938
aead,zen4,2049,boringssl-stitched-open,instructions_per_byte,5.94339375
aead,zen4,2049,boringssl-stitched-open,tsc_ticks_per_byte,1.46187167
aead,zen4,2049,openssl-evp-seal,core_cycles_per_byte,1.96254273
aead,zen4,2049,openssl-evp-seal,instructions_per_byte,3.82528834
aead,zen4,2049,openssl-evp-seal,tsc_ticks_per_byte,1.74273336
aead,zen4,2049,openssl-evp-open,core_cycles_per_byte,1.98747405
aead,zen4,2049,openssl-evp-open,instructions_per_byte,3.86433050
aead,zen4,2049,openssl-evp-open,tsc_ticks_per_byte,1.86885294
aead,zen4,2049,ahead-fused-seal,core_cycles_per_byte,1.10164886
aead,zen4,2049,ahead-fused-seal,instructions_per_byte,3.13568011
aead,zen4,2049,ahead-fused-seal,tsc_ticks_per_byte,0.89585504
aead,zen4,2049,ahead-fused-open,core_cycles_per_byte,1.10360959
aead,zen4,2049,ahead-fused-open,instructions_per_byte,3.16545046
aead,zen4,2049,ahead-fused-open,tsc_ticks_per_byte,0.93263601
aead,zen4,2049,intel-direct-seal,core_cycles_per_byte,1.38813356
aead,zen4,2049,intel-direct-seal,instructions_per_byte,2.38165471
aead,zen4,2049,intel-direct-seal,tsc_ticks_per_byte,1.17906324
aead,zen4,2049,intel-direct-open,core_cycles_per_byte,1.39867759
aead,zen4,2049,intel-direct-open,instructions_per_byte,2.39532018
aead,zen4,2049,intel-direct-open,tsc_ticks_per_byte,1.21446144
aead,zen4,2176,intel-one-shot-seal,core_cycles_per_byte,1.20082113
aead,zen4,2176,intel-one-shot-seal,instructions_per_byte,2.01700880
aead,zen4,2176,intel-one-shot-seal,tsc_ticks_per_byte,1.16042972
aead,zen4,2176,intel-one-shot-open,core_cycles_per_byte,1.21031072
aead,zen4,2176,intel-one-shot-open,instructions_per_byte,2.06020653
aead,zen4,2176,intel-one-shot-open,tsc_ticks_per_byte,1.00379175
aead,zen4,2176,boringssl-stitched-seal,core_cycles_per_byte,1.71723536
aead,zen4,2176,boringssl-stitched-seal,instructions_per_byte,5.96783580
aead,zen4,2176,boringssl-stitched-seal,tsc_ticks_per_byte,1.31488422
aead,zen4,2176,boringssl-stitched-open,core_cycles_per_byte,1.78635423
aead,zen4,2176,boringssl-stitched-open,instructions_per_byte,5.88465676
aead,zen4,2176,boringssl-stitched-open,tsc_ticks_per_byte,1.57977953
aead,zen4,2176,openssl-evp-seal,core_cycles_per_byte,1.95853346
aead,zen4,2176,openssl-evp-seal,instructions_per_byte,3.88649732
aead,zen4,2176,openssl-evp-seal,tsc_ticks_per_byte,1.78892386
aead,zen4,2176,openssl-evp-open,core_cycles_per_byte,1.97010165
aead,zen4,2176,openssl-evp-open,instructions_per_byte,3.92326005
aead,zen4,2176,openssl-evp-open,tsc_ticks_per_byte,1.68446494
aead,zen4,2176,ahead-fused-seal,core_cycles_per_byte,1.23179423
aead,zen4,2176,ahead-fused-seal,instructions_per_byte,3.47748621
aead,zen4,2176,ahead-fused-seal,tsc_ticks_per_byte,1.16187480
aead,zen4,2176,ahead-fused-open,core_cycles_per_byte,1.22067237
aead,zen4,2176,ahead-fused-open,instructions_per_byte,3.50552052
aead,zen4,2176,ahead-fused-open,tsc_ticks_per_byte,1.16785556
aead,zen4,2176,intel-direct-seal,core_cycles_per_byte,1.30089548
aead,zen4,2176,intel-direct-seal,instructions_per_byte,2.24035451
aead,zen4,2176,intel-direct-seal,tsc_ticks_per_byte,1.11461534
aead,zen4,2176,intel-direct-open,core_cycles_per_byte,1.33522954
aead,zen4,2176,intel-direct-open,instructions_per_byte,2.25322213
aead,zen4,2176,intel-direct-open,tsc_ticks_per_byte,1.16016245
aead,zen4,2432,intel-one-shot-seal,core_cycles_per_byte,1.17036336
aead,zen4,2432,intel-one-shot-seal,instructions_per_byte,1.99054825
aead,zen4,2432,intel-one-shot-seal,tsc_ticks_per_byte,1.06208324
aead,zen4,2432,intel-one-shot-open,core_cycles_per_byte,1.17631667
aead,zen4,2432,intel-one-shot-open,instructions_per_byte,2.02919935
aead,zen4,2432,intel-one-shot-open,tsc_ticks_per_byte,0.99555723
aead,zen4,2432,boringssl-stitched-seal,core_cycles_per_byte,1.73025663
aead,zen4,2432,boringssl-stitched-seal,instructions_per_byte,5.92763706
aead,zen4,2432,boringssl-stitched-seal,tsc_ticks_per_byte,1.51323318
aead,zen4,2432,boringssl-stitched-open,core_cycles_per_byte,1.64950410
aead,zen4,2432,boringssl-stitched-open,instructions_per_byte,5.83800099
aead,zen4,2432,boringssl-stitched-open,tsc_ticks_per_byte,1.38877224
aead,zen4,2432,openssl-evp-seal,core_cycles_per_byte,1.79806737
aead,zen4,2432,openssl-evp-seal,instructions_per_byte,3.53906983
aead,zen4,2432,openssl-evp-seal,tsc_ticks_per_byte,1.63629435
aead,zen4,2432,openssl-evp-open,core_cycles_per_byte,1.79826844
aead,zen4,2432,openssl-evp-open,instructions_per_byte,3.57196451
aead,zen4,2432,openssl-evp-open,tsc_ticks_per_byte,1.61653575
aead,zen4,2432,ahead-fused-seal,core_cycles_per_byte,1.13286480
aead,zen4,2432,ahead-fused-seal,instructions_per_byte,3.34663374
aead,zen4,2432,ahead-fused-seal,tsc_ticks_per_byte,0.94961201
aead,zen4,2432,ahead-fused-open,core_cycles_per_byte,1.15749491
aead,zen4,2432,ahead-fused-open,instructions_per_byte,3.37706167
aead,zen4,2432,ahead-fused-open,tsc_ticks_per_byte,1.06723269
aead,zen4,2432,intel-direct-seal,core_cycles_per_byte,1.25955448
aead,zen4,2432,intel-direct-seal,instructions_per_byte,2.18997336
aead,zen4,2432,intel-direct-seal,tsc_ticks_per_byte,1.22961740
aead,zen4,2432,intel-direct-open,core_cycles_per_byte,1.28111529
aead,zen4,2432,intel-direct-open,instructions_per_byte,2.20148452
aead,zen4,2432,intel-direct-open,tsc_ticks_per_byte,1.13830905
aead,zen4,2560,intel-one-shot-seal,core_cycles_per_byte,1.17230538
aead,zen4,2560,intel-one-shot-seal,instructions_per_byte,2.06094215
aead,zen4,2560,intel-one-shot-seal,tsc_ticks_per_byte,1.14020430
aead,zen4,2560,intel-one-shot-open,core_cycles_per_byte,1.17656930
aead,zen4,2560,intel-one-shot-open,instructions_per_byte,2.09883271
aead,zen4,2560,intel-one-shot-open,tsc_ticks_per_byte,1.07542952
aead,zen4,2560,boringssl-stitched-seal,core_cycles_per_byte,1.68878569
aead,zen4,2560,boringssl-stitched-seal,instructions_per_byte,5.79297405
aead,zen4,2560,boringssl-stitched-seal,tsc_ticks_per_byte,1.29292154
aead,zen4,2560,boringssl-stitched-open,core_cycles_per_byte,1.66974467
aead,zen4,2560,boringssl-stitched-open,instructions_per_byte,5.84219292
aead,zen4,2560,boringssl-stitched-open,tsc_ticks_per_byte,1.53937060
aead,zen4,2560,openssl-evp-seal,core_cycles_per_byte,1.69579367
aead,zen4,2560,openssl-evp-seal,instructions_per_byte,3.39141129
aead,zen4,2560,openssl-evp-seal,tsc_ticks_per_byte,1.35175181
aead,zen4,2560,openssl-evp-open,core_cycles_per_byte,1.71336708
aead,zen4,2560,openssl-evp-open,instructions_per_byte,3.42266406
aead,zen4,2560,openssl-evp-open,tsc_ticks_per_byte,1.60880338
aead,zen4,2560,ahead-fused-seal,core_cycles_per_byte,1.10318598
aead,zen4,2560,ahead-fused-seal,instructions_per_byte,3.20469197
aead,zen4,2560,ahead-fused-seal,tsc_ticks_per_byte,0.92041443
aead,zen4,2560,ahead-fused-open,core_cycles_per_byte,1.10781986
aead,zen4,2560,ahead-fused-open,instructions_per_byte,3.23359861
aead,zen4,2560,ahead-fused-open,tsc_ticks_per_byte,0.98662976
aead,zen4,2560,intel-direct-seal,core_cycles_per_byte,1.18918439
aead,zen4,2560,intel-direct-seal,instructions_per_byte,2.09492566
aead,zen4,2560,intel-direct-seal,tsc_ticks_per_byte,0.97660482
aead,zen4,2560,intel-direct-open,core_cycles_per_byte,1.21748833
aead,zen4,2560,intel-direct-open,instructions_per_byte,2.10586396
aead,zen4,2560,intel-direct-open,tsc_ticks_per_byte,0.98867506
aead,zen4,4096,intel-one-shot-seal,core_cycles_per_byte,1.08233997
aead,zen4,4096,intel-one-shot-seal,instructions_per_byte,1.81811851
aead,zen4,4096,intel-one-shot-seal,tsc_ticks_per_byte,0.86048383
aead,zen4,4096,intel-one-shot-open,core_cycles_per_byte,1.09041935
aead,zen4,4096,intel-one-shot-open,instructions_per_byte,1.84106830
aead,zen4,4096,intel-one-shot-open,tsc_ticks_per_byte,0.96957076
aead,zen4,4096,boringssl-stitched-seal,core_cycles_per_byte,1.59103659
aead,zen4,4096,boringssl-stitched-seal,instructions_per_byte,5.68604001
aead,zen4,4096,boringssl-stitched-seal,tsc_ticks_per_byte,1.24196815
aead,zen4,4096,boringssl-stitched-open,core_cycles_per_byte,1.55303654
aead,zen4,4096,boringssl-stitched-open,instructions_per_byte,5.72705612
aead,zen4,4096,boringssl-stitched-open,tsc_ticks_per_byte,1.37026435
aead,zen4,4096,openssl-evp-seal,core_cycles_per_byte,1.33700740
aead,zen4,4096,openssl-evp-seal,instructions_per_byte,2.56738764
aead,zen4,4096,openssl-evp-seal,tsc_ticks_per_byte,1.21564233
aead,zen4,4096,openssl-evp-open,core_cycles_per_byte,1.36084259
aead,zen4,4096,openssl-evp-open,instructions_per_byte,2.58691913
aead,zen4,4096,openssl-evp-open,tsc_ticks_per_byte,1.23978245
aead,zen4,4096,ahead-fused-seal,core_cycles_per_byte,1.02664587
aead,zen4,4096,ahead-fused-seal,instructions_per_byte,3.46582475
aead,zen4,4096,ahead-fused-seal,tsc_ticks_per_byte,0.89735991
aead,zen4,4096,ahead-fused-open,core_cycles_per_byte,1.03018680
aead,zen4,4096,ahead-fused-open,instructions_per_byte,3.46387097
aead,zen4,4096,ahead-fused-open,tsc_ticks_per_byte,0.79895234
aead,zen4,4096,intel-direct-seal,core_cycles_per_byte,1.04256064
aead,zen4,4096,intel-direct-seal,instructions_per_byte,1.84912521
aead,zen4,4096,intel-direct-seal,tsc_ticks_per_byte,0.83459741
aead,zen4,4096,intel-direct-open,core_cycles_per_byte,1.06575447
aead,zen4,4096,intel-direct-open,instructions_per_byte,1.85596076
aead,zen4,4096,intel-direct-open,tsc_ticks_per_byte,0.89043814
aead,zen4,4229,intel-one-shot-seal,core_cycles_per_byte,1.06381451
aead,zen4,4229,intel-one-shot-seal,instructions_per_byte,1.79097193
aead,zen4,4229,intel-one-shot-seal,tsc_ticks_per_byte,0.98552762
aead,zen4,4229,intel-one-shot-open,core_cycles_per_byte,1.06560878
aead,zen4,4229,intel-one-shot-open,instructions_per_byte,1.81319881
aead,zen4,4229,intel-one-shot-open,tsc_ticks_per_byte,0.86718055
aead,zen4,4229,boringssl-stitched-seal,core_cycles_per_byte,1.56430529
aead,zen4,4229,boringssl-stitched-seal,instructions_per_byte,5.76117858
aead,zen4,4229,boringssl-stitched-seal,tsc_ticks_per_byte,1.27820552
aead,zen4,4229,boringssl-stitched-open,core_cycles_per_byte,1.60983043
aead,zen4,4229,boringssl-stitched-open,instructions_per_byte,5.73114784
aead,zen4,4229,boringssl-stitched-open,tsc_ticks_per_byte,1.34212497
aead,zen4,4229,openssl-evp-seal,core_cycles_per_byte,1.58077499
aead,zen4,4229,openssl-evp-seal,instructions_per_byte,2.89383390
aead,zen4,4229,openssl-evp-seal,tsc_ticks_per_byte,1.26912254
aead,zen4,4229,openssl-evp-open,core_cycles_per_byte,1.58975398
aead,zen4,4229,openssl-evp-open,instructions_per_byte,2.91275078
aead,zen4,4229,openssl-evp-open,tsc_ticks_per_byte,1.33498317
aead,zen4,4229,ahead-fused-seal,core_cycles_per_byte,1.07666574
aead,zen4,4229,ahead-fused-seal,instructions_per_byte,3.59541692
aead,zen4,4229,ahead-fused-seal,tsc_ticks_per_byte,0.86677736
aead,zen4,4229,ahead-fused-open,core_cycles_per_byte,1.08389243
aead,zen4,4229,ahead-fused-open,instructions_per_byte,3.59399880
aead,zen4,4229,ahead-fused-open,tsc_ticks_per_byte,0.83695191
aead,zen4,4229,intel-direct-seal,core_cycles_per_byte,1.11543928
aead,zen4,4229,intel-direct-seal,instructions_per_byte,1.91724220
aead,zen4,4229,intel-direct-seal,tsc_ticks_per_byte,0.89025492
aead,zen4,4229,intel-direct-open,core_cycles_per_byte,1.13022096
aead,zen4,4229,intel-direct-open,instructions_per_byte,1.92386223
aead,zen4,4229,intel-direct-open,tsc_ticks_per_byte,0.88738054
aead,zen4,8192,intel-one-shot-seal,core_cycles_per_byte,0.99856526
aead,zen4,8192,intel-one-shot-seal,instructions_per_byte,1.67615139
aead,zen4,8192,intel-one-shot-seal,tsc_ticks_per_byte,0.89863509
aead,zen4,8192,intel-one-shot-open,core_cycles_per_byte,1.00839114
aead,zen4,8192,intel-one-shot-open,instructions_per_byte,1.68762565
aead,zen4,8192,intel-one-shot-open,tsc_ticks_per_byte,0.80225354
aead,zen4,8192,boringssl-stitched-seal,core_cycles_per_byte,1.51481345
aead,zen4,8192,boringssl-stitched-seal,instructions_per_byte,5.59692854
aead,zen4,8192,boringssl-stitched-seal,tsc_ticks_per_byte,1.25491250
aead,zen4,8192,boringssl-stitched-open,core_cycles_per_byte,1.49297410
aead,zen4,8192,boringssl-stitched-open,instructions_per_byte,5.63110918
aead,zen4,8192,boringssl-stitched-open,tsc_ticks_per_byte,1.31179285
aead,zen4,8192,openssl-evp-seal,core_cycles_per_byte,1.16707692
aead,zen4,8192,openssl-evp-seal,instructions_per_byte,2.06934038
aead,zen4,8192,openssl-evp-seal,tsc_ticks_per_byte,1.05569309
aead,zen4,8192,openssl-evp-open,core_cycles_per_byte,1.15886942
aead,zen4,8192,openssl-evp-open,instructions_per_byte,2.07910660
aead,zen4,8192,openssl-evp-open,tsc_ticks_per_byte,1.03893340
aead,zen4,8192,ahead-fused-seal,core_cycles_per_byte,0.95715404
aead,zen4,8192,ahead-fused-seal,instructions_per_byte,3.39062873
aead,zen4,8192,ahead-fused-seal,tsc_ticks_per_byte,0.73051268
aead,zen4,8192,ahead-fused-open,core_cycles_per_byte,0.95834628
aead,zen4,8192,ahead-fused-open,instructions_per_byte,3.38916352
aead,zen4,8192,ahead-fused-open,tsc_ticks_per_byte,0.80681860
aead,zen4,8192,intel-direct-seal,core_cycles_per_byte,0.97445810
aead,zen4,8192,intel-direct-seal,instructions_per_byte,1.69214213
aead,zen4,8192,intel-direct-seal,tsc_ticks_per_byte,0.78129798
aead,zen4,8192,intel-direct-open,core_cycles_per_byte,0.99405098
aead,zen4,8192,intel-direct-open,instructions_per_byte,1.69556019
aead,zen4,8192,intel-direct-open,tsc_ticks_per_byte,0.80364424
aead,zen4,9000,intel-one-shot-seal,core_cycles_per_byte,0.96669096
aead,zen4,9000,intel-one-shot-seal,instructions_per_byte,1.66055898
aead,zen4,9000,intel-one-shot-seal,tsc_ticks_per_byte,0.78494713
aead,zen4,9000,intel-one-shot-open,core_cycles_per_byte,0.97440322
aead,zen4,9000,intel-one-shot-open,instructions_per_byte,1.67133679
aead,zen4,9000,intel-one-shot-open,tsc_ticks_per_byte,0.76882499
aead,zen4,9000,boringssl-stitched-seal,core_cycles_per_byte,1.46625176
aead,zen4,9000,boringssl-stitched-seal,instructions_per_byte,5.62555955
aead,zen4,9000,boringssl-stitched-seal,tsc_ticks_per_byte,1.11287947
aead,zen4,9000,boringssl-stitched-open,core_cycles_per_byte,1.50629390
aead,zen4,9000,boringssl-stitched-open,instructions_per_byte,5.63700528
aead,zen4,9000,boringssl-stitched-open,tsc_ticks_per_byte,1.16124589
aead,zen4,9000,openssl-evp-seal,core_cycles_per_byte,1.21719567
aead,zen4,9000,openssl-evp-seal,instructions_per_byte,2.15133700
aead,zen4,9000,openssl-evp-seal,tsc_ticks_per_byte,0.96329864
aead,zen4,9000,openssl-evp-open,core_cycles_per_byte,1.23375432
aead,zen4,9000,openssl-evp-open,instructions_per_byte,2.16022577
aead,zen4,9000,openssl-evp-open,tsc_ticks_per_byte,0.96198712
aead,zen4,9000,ahead-fused-seal,core_cycles_per_byte,0.98849312
aead,zen4,9000,ahead-fused-seal,instructions_per_byte,3.50133721
aead,zen4,9000,ahead-fused-seal,tsc_ticks_per_byte,0.80006581
aead,zen4,9000,ahead-fused-open,core_cycles_per_byte,0.98743157
aead,zen4,9000,ahead-fused-open,instructions_per_byte,3.49989235
aead,zen4,9000,ahead-fused-open,tsc_ticks_per_byte,0.74916243
aead,zen4,9000,intel-direct-seal,core_cycles_per_byte,0.99495419
aead,zen4,9000,intel-direct-seal,instructions_per_byte,1.72233721
aead,zen4,9000,intel-direct-seal,tsc_ticks_per_byte,0.88827945
aead,zen4,9000,intel-direct-open,core_cycles_per_byte,0.99783354
aead,zen4,9000,intel-direct-open,instructions_per_byte,1.72544784
aead,zen4,9000,intel-direct-open,tsc_ticks_per_byte,0.81071423
aead,zen4,16384,intel-one-shot-seal,core_cycles_per_byte,0.95366701
aead,zen4,16384,intel-one-shot-seal,instructions_per_byte,1.60516712
aead,zen4,16384,intel-one-shot-seal,tsc_ticks_per_byte,0.75102657
aead,zen4,16384,intel-one-shot-open,core_cycles_per_byte,0.95536208
aead,zen4,16384,intel-one-shot-open,instructions_per_byte,1.61090392
aead,zen4,16384,intel-one-shot-open,tsc_ticks_per_byte,0.75128251
aead,zen4,16384,boringssl-stitched-seal,core_cycles_per_byte,1.46248880
aead,zen4,16384,boringssl-stitched-seal,instructions_per_byte,5.55237225
aead,zen4,16384,boringssl-stitched-seal,tsc_ticks_per_byte,1.10844892
aead,zen4,16384,boringssl-stitched-open,core_cycles_per_byte,1.44405115
aead,zen4,16384,boringssl-stitched-open,instructions_per_byte,5.58313432
aead,zen4,16384,boringssl-stitched-open,tsc_ticks_per_byte,1.23727739
aead,zen4,16384,openssl-evp-seal,core_cycles_per_byte,1.06603783
aead,zen4,16384,openssl-evp-seal,instructions_per_byte,1.82031667
aead,zen4,16384,openssl-evp-seal,tsc_ticks_per_byte,0.88063645
aead,zen4,16384,openssl-evp-open,core_cycles_per_byte,1.06824654
aead,zen4,16384,openssl-evp-open,instructions_per_byte,1.82519940
aead,zen4,16384,openssl-evp-open,tsc_ticks_per_byte,0.89851391
aead,zen4,16384,ahead-fused-seal,core_cycles_per_byte,0.92458493
aead,zen4,16384,ahead-fused-seal,instructions_per_byte,3.35370228
aead,zen4,16384,ahead-fused-seal,tsc_ticks_per_byte,0.79008836
aead,zen4,16384,ahead-fused-open,core_cycles_per_byte,0.90295833
aead,zen4,16384,ahead-fused-open,instructions_per_byte,3.35248172
aead,zen4,16384,ahead-fused-open,tsc_ticks_per_byte,0.78250521
aead,zen4,16384,intel-direct-seal,core_cycles_per_byte,0.94383293
aead,zen4,16384,intel-direct-seal,instructions_per_byte,1.61365110
aead,zen4,16384,intel-direct-seal,tsc_ticks_per_byte,0.73984325
aead,zen4,16384,intel-direct-open,core_cycles_per_byte,0.95186174
aead,zen4,16384,intel-direct-open,instructions_per_byte,1.61535963
aead,zen4,16384,intel-direct-open,tsc_ticks_per_byte,0.85446012
aead,zen4,16385,intel-one-shot-seal,core_cycles_per_byte,0.95603817
aead,zen4,16385,intel-one-shot-seal,instructions_per_byte,1.60787702
aead,zen4,16385,intel-one-shot-seal,tsc_ticks_per_byte,0.89611314
aead,zen4,16385,intel-one-shot-open,core_cycles_per_byte,0.95683510
aead,zen4,16385,intel-one-shot-open,instructions_per_byte,1.61361323
aead,zen4,16385,intel-one-shot-open,tsc_ticks_per_byte,0.75263466
aead,zen4,16385,boringssl-stitched-seal,core_cycles_per_byte,1.43165361
aead,zen4,16385,boringssl-stitched-seal,instructions_per_byte,5.55557320
aead,zen4,16385,boringssl-stitched-seal,tsc_ticks_per_byte,1.12751255
aead,zen4,16385,boringssl-stitched-open,core_cycles_per_byte,1.44858141
aead,zen4,16385,boringssl-stitched-open,instructions_per_byte,5.58621086
aead,zen4,16385,boringssl-stitched-open,tsc_ticks_per_byte,1.11709940
aead,zen4,16385,openssl-evp-seal,core_cycles_per_byte,1.09233224
aead,zen4,16385,openssl-evp-seal,instructions_per_byte,1.85316294
aead,zen4,16385,openssl-evp-seal,tsc_ticks_per_byte,0.87381738
aead,zen4,16385,openssl-evp-open,core_cycles_per_byte,1.10243871
aead,zen4,16385,openssl-evp-open,instructions_per_byte,1.85804563
aead,zen4,16385,openssl-evp-open,tsc_ticks_per_byte,1.01969324
aead,zen4,16385,ahead-fused-seal,core_cycles_per_byte,0.92288999
aead,zen4,16385,ahead-fused-seal,instructions_per_byte,3.31755020
aead,zen4,16385,ahead-fused-seal,tsc_ticks_per_byte,0.79924741
aead,zen4,16385,ahead-fused-open,core_cycles_per_byte,0.94627916
aead,zen4,16385,ahead-fused-open,instructions_per_byte,3.31651330
aead,zen4,16385,ahead-fused-open,tsc_ticks_per_byte,0.73181516
aead,zen4,16385,intel-direct-seal,core_cycles_per_byte,0.96393069
aead,zen4,16385,intel-direct-seal,instructions_per_byte,1.64101688
aead,zen4,16385,intel-direct-seal,tsc_ticks_per_byte,0.83212627
aead,zen4,16385,intel-direct-open,core_cycles_per_byte,0.97216934
aead,zen4,16385,intel-direct-open,instructions_per_byte,1.64272606
aead,zen4,16385,intel-direct-open,tsc_ticks_per_byte,0.83977270
aead,zen4,32768,intel-one-shot-seal,core_cycles_per_byte,0.93141949
aead,zen4,32768,intel-one-shot-seal,instructions_per_byte,1.56967559
aead,zen4,32768,intel-one-shot-seal,tsc_ticks_per_byte,0.74277979
aead,zen4,32768,intel-one-shot-open,core_cycles_per_byte,0.93487352
aead,zen4,32768,intel-one-shot-open,instructions_per_byte,1.57254446
aead,zen4,32768,intel-one-shot-open,tsc_ticks_per_byte,0.74446833
aead,zen4,32768,boringssl-stitched-seal,core_cycles_per_byte,1.42283502
aead,zen4,32768,boringssl-stitched-seal,instructions_per_byte,5.53009450
aead,zen4,32768,boringssl-stitched-seal,tsc_ticks_per_byte,1.07944250
aead,zen4,32768,boringssl-stitched-open,core_cycles_per_byte,1.44643199
aead,zen4,32768,boringssl-stitched-open,instructions_per_byte,5.55914745
aead,zen4,32768,boringssl-stitched-open,tsc_ticks_per_byte,1.17950463
aead,zen4,32768,openssl-evp-seal,core_cycles_per_byte,1.02162549
aead,zen4,32768,openssl-evp-seal,instructions_per_byte,1.69580480
aead,zen4,32768,openssl-evp-seal,tsc_ticks_per_byte,0.86997181
aead,zen4,32768,openssl-evp-open,core_cycles_per_byte,1.02307346
aead,zen4,32768,openssl-evp-open,instructions_per_byte,1.69824579
aead,zen4,32768,openssl-evp-open,tsc_ticks_per_byte,0.92048192
aead,zen4,32768,ahead-fused-seal,core_cycles_per_byte,0.90398827
aead,zen4,32768,ahead-fused-seal,instructions_per_byte,3.33423236
aead,zen4,32768,ahead-fused-seal,tsc_ticks_per_byte,0.70147908
aead,zen4,32768,ahead-fused-open,core_cycles_per_byte,0.90092185
aead,zen4,32768,ahead-fused-open,instructions_per_byte,3.33313307
aead,zen4,32768,ahead-fused-open,tsc_ticks_per_byte,0.68625957
aead,zen4,32768,intel-direct-seal,core_cycles_per_byte,0.92697015
aead,zen4,32768,intel-direct-seal,instructions_per_byte,1.57440490
aead,zen4,32768,intel-direct-seal,tsc_ticks_per_byte,0.73010045
aead,zen4,32768,intel-direct-open,core_cycles_per_byte,0.92681864
aead,zen4,32768,intel-direct-open,instructions_per_byte,1.57525969
aead,zen4,32768,intel-direct-open,tsc_ticks_per_byte,0.76683611
aead,zen4,65536,intel-one-shot-seal,core_cycles_per_byte,0.91923559
aead,zen4,65536,intel-one-shot-seal,instructions_per_byte,1.55192921
aead,zen4,65536,intel-one-shot-seal,tsc_ticks_per_byte,0.78429002
aead,zen4,65536,intel-one-shot-open,core_cycles_per_byte,0.92041957
aead,zen4,65536,intel-one-shot-open,instructions_per_byte,1.55336389
aead,zen4,65536,intel-one-shot-open,tsc_ticks_per_byte,0.76815093
aead,zen4,65536,boringssl-stitched-seal,core_cycles_per_byte,1.42417258
aead,zen4,65536,boringssl-stitched-seal,instructions_per_byte,5.51895633
aead,zen4,65536,boringssl-stitched-seal,tsc_ticks_per_byte,1.14409399
aead,zen4,65536,boringssl-stitched-open,core_cycles_per_byte,1.42684016
aead,zen4,65536,boringssl-stitched-open,instructions_per_byte,5.54715487
aead,zen4,65536,boringssl-stitched-open,tsc_ticks_per_byte,1.13974637
aead,zen4,65536,openssl-evp-seal,core_cycles_per_byte,0.99632263
aead,zen4,65536,openssl-evp-seal,instructions_per_byte,1.63354859
aead,zen4,65536,openssl-evp-seal,tsc_ticks_per_byte,0.77842146
aead,zen4,65536,openssl-evp-open,core_cycles_per_byte,0.99817416
aead,zen4,65536,openssl-evp-open,instructions_per_byte,1.63476947
aead,zen4,65536,openssl-evp-open,tsc_ticks_per_byte,0.80026489
aead,zen4,65536,ahead-fused-seal,core_cycles_per_byte,0.90428331
aead,zen4,65536,ahead-fused-seal,instructions_per_byte,3.32483271
aead,zen4,65536,ahead-fused-seal,tsc_ticks_per_byte,0.72574830
aead,zen4,65536,ahead-fused-open,core_cycles_per_byte,0.90521169
aead,zen4,65536,ahead-fused-open,instructions_per_byte,3.32379502
aead,zen4,65536,ahead-fused-open,tsc_ticks_per_byte,0.70250511
aead,zen4,65536,intel-direct-seal,core_cycles_per_byte,0.91739047
aead,zen4,65536,intel-direct-seal,instructions_per_byte,1.55478284
aead,zen4,65536,intel-direct-seal,tsc_ticks_per_byte,0.81233835
aead,zen4,65536,intel-direct-open,core_cycles_per_byte,0.91951197
aead,zen4,65536,intel-direct-open,instructions_per_byte,1.55521059
aead,zen4,65536,intel-direct-open,tsc_ticks_per_byte,0.81562483
aead,zen4,64,openssl-asm-seal,core_cycles_per_byte,9.09259812
aead,zen4,64,openssl-asm-seal,instructions_per_byte,66.68759438
aead,zen4,64,openssl-asm-seal,tsc_ticks_per_byte,8.05909489
aead,zen4,64,openssl-asm-open,core_cycles_per_byte,9.58080469
aead,zen4,64,openssl-asm-open,instructions_per_byte,67.93760906
aead,zen4,64,openssl-asm-open,tsc_ticks_per_byte,8.03565364
aead,zen4,128,openssl-asm-seal,core_cycles_per_byte,5.06827375
aead,zen4,128,openssl-asm-seal,instructions_per_byte,34.10161078
aead,zen4,128,openssl-asm-seal,tsc_ticks_per_byte,4.18038963
aead,zen4,128,openssl-asm-open,core_cycles_per_byte,5.31589047
aead,zen4,128,openssl-asm-open,instructions_per_byte,34.72660625
aead,zen4,128,openssl-asm-open,tsc_ticks_per_byte,4.31487400
aead,zen4,256,openssl-asm-seal,core_cycles_per_byte,2.74002898
aead,zen4,256,openssl-asm-seal,instructions_per_byte,17.42970750
aead,zen4,256,openssl-asm-seal,tsc_ticks_per_byte,2.17671310
aead,zen4,256,openssl-asm-open,core_cycles_per_byte,2.92977570
aead,zen4,256,openssl-asm-open,instructions_per_byte,17.74220430
aead,zen4,256,openssl-asm-open,tsc_ticks_per_byte,2.29905529
aead,zen4,512,openssl-asm-seal,core_cycles_per_byte,2.30191355
aead,zen4,512,openssl-asm-seal,instructions_per_byte,9.72462387
aead,zen4,512,openssl-asm-seal,tsc_ticks_per_byte,1.83279436
aead,zen4,512,openssl-asm-open,core_cycles_per_byte,2.37953914
aead,zen4,512,openssl-asm-open,instructions_per_byte,9.88087898
aead,zen4,512,openssl-asm-open,tsc_ticks_per_byte,2.02404718
aead,zen4,1024,openssl-asm-seal,core_cycles_per_byte,1.24084624
aead,zen4,1024,openssl-asm-seal,instructions_per_byte,5.43848607
aead,zen4,1024,openssl-asm-seal,tsc_ticks_per_byte,1.00370504
aead,zen4,1024,openssl-asm-open,core_cycles_per_byte,1.27465862
aead,zen4,1024,openssl-asm-open,instructions_per_byte,5.51660761
aead,zen4,1024,openssl-asm-open,tsc_ticks_per_byte,0.98820127
aead,zen4,1025,openssl-asm-seal,core_cycles_per_byte,1.70376466
aead,zen4,1025,openssl-asm-seal,instructions_per_byte,5.96000674
aead,zen4,1025,openssl-asm-seal,tsc_ticks_per_byte,1.30850483
aead,zen4,1025,openssl-asm-open,core_cycles_per_byte,1.76246072
aead,zen4,1025,openssl-asm-open,instructions_per_byte,6.03805584
aead,zen4,1025,openssl-asm-open,tsc_ticks_per_byte,1.36012709
aead,zen4,1088,openssl-asm-seal,core_cycles_per_byte,1.83637116
aead,zen4,1088,openssl-asm-seal,instructions_per_byte,6.55239984
aead,zen4,1088,openssl-asm-seal,tsc_ticks_per_byte,1.58800695
aead,zen4,1088,openssl-asm-open,core_cycles_per_byte,1.88174991
aead,zen4,1088,openssl-asm-open,instructions_per_byte,6.62592919
aead,zen4,1088,openssl-asm-open,tsc_ticks_per_byte,1.76656910
aead,zen4,1200,openssl-asm-seal,core_cycles_per_byte,2.17800863
aead,zen4,1200,openssl-asm-seal,instructions_per_byte,6.28834272
aead,zen4,1200,openssl-asm-seal,tsc_ticks_per_byte,2.08043703
aead,zen4,1200,openssl-asm-open,core_cycles_per_byte,2.24661856
aead,zen4,1200,openssl-asm-open,instructions_per_byte,6.35500972
aead,zen4,1200,openssl-asm-open,tsc_ticks_per_byte,2.38301666
aead,zen4,1280,openssl-asm-seal,core_cycles_per_byte,1.61067160
aead,zen4,1280,openssl-asm-seal,instructions_per_byte,5.31485460
aead,zen4,1280,openssl-asm-seal,tsc_ticks_per_byte,1.54685576
aead,zen4,1280,openssl-asm-open,core_cycles_per_byte,1.66188749
aead,zen4,1280,openssl-asm-open,instructions_per_byte,5.37735370
aead,zen4,1280,openssl-asm-open,tsc_ticks_per_byte,1.34694588
aead,zen4,1350,openssl-asm-seal,core_cycles_per_byte,1.91521142
aead,zen4,1350,openssl-asm-seal,instructions_per_byte,5.90371255
aead,zen4,1350,openssl-asm-seal,tsc_ticks_per_byte,1.61139675
aead,zen4,1350,openssl-asm-open,core_cycles_per_byte,1.97131665
aead,zen4,1350,openssl-asm-open,instructions_per_byte,5.96297149
aead,zen4,1350,openssl-asm-open,tsc_ticks_per_byte,1.88622823
aead,zen4,1360,openssl-asm-seal,core_cycles_per_byte,1.92135309
aead,zen4,1360,openssl-asm-seal,instructions_per_byte,5.83236370
aead,zen4,1360,openssl-asm-seal,tsc_ticks_per_byte,1.81729679
aead,zen4,1360,openssl-asm-open,core_cycles_per_byte,1.96209185
aead,zen4,1360,openssl-asm-open,instructions_per_byte,5.89118586
aead,zen4,1360,openssl-asm-open,tsc_ticks_per_byte,1.78460928
aead,zen4,1420,openssl-asm-seal,core_cycles_per_byte,1.80176349
aead,zen4,1420,openssl-asm-seal,instructions_per_byte,5.27676861
aead,zen4,1420,openssl-asm-seal,tsc_ticks_per_byte,1.63027549
aead,zen4,1420,openssl-asm-open,core_cycles_per_byte,1.84841976
aead,zen4,1420,openssl-asm-open,instructions_per_byte,5.33310822
aead,zen4,1420,openssl-asm-open,tsc_ticks_per_byte,1.85326622
aead,zen4,1500,openssl-asm-seal,core_cycles_per_byte,1.82359197
aead,zen4,1500,openssl-asm-seal,instructions_per_byte,5.53534445
aead,zen4,1500,openssl-asm-seal,tsc_ticks_per_byte,1.80212068
aead,zen4,1500,openssl-asm-open,core_cycles_per_byte,1.85529733
aead,zen4,1500,openssl-asm-open,instructions_per_byte,5.58867927
aead,zen4,1500,openssl-asm-open,tsc_ticks_per_byte,1.82490698
aead,zen4,1536,openssl-asm-seal,core_cycles_per_byte,1.39927636
aead,zen4,1536,openssl-asm-seal,instructions_per_byte,4.70000000
aead,zen4,1536,openssl-asm-seal,tsc_ticks_per_byte,1.19471895
aead,zen4,1536,openssl-asm-open,core_cycles_per_byte,1.44034908
aead,zen4,1536,openssl-asm-open,instructions_per_byte,4.70000000
aead,zen4,1536,openssl-asm-open,tsc_ticks_per_byte,1.49479668
aead,zen4,1537,openssl-asm-seal,core_cycles_per_byte,1.67507800
aead,zen4,1537,openssl-asm-seal,instructions_per_byte,4.87508914
aead,zen4,1537,openssl-asm-seal,tsc_ticks_per_byte,1.49222635
aead,zen4,1537,openssl-asm-open,core_cycles_per_byte,1.75220722
aead,zen4,1537,openssl-asm-open,instructions_per_byte,4.92714091
aead,zen4,1537,openssl-asm-open,tsc_ticks_per_byte,1.83094753
aead,zen4,1600,openssl-asm-seal,core_cycles_per_byte,1.39695571
aead,zen4,1600,openssl-asm-seal,instructions_per_byte,4.79563320
aead,zen4,1600,openssl-asm-seal,tsc_ticks_per_byte,1.22442016
aead,zen4,1600,openssl-asm-open,core_cycles_per_byte,1.42946620
aead,zen4,1600,openssl-asm-open,instructions_per_byte,4.84563373
aead,zen4,1600,openssl-asm-open,tsc_ticks_per_byte,1.18289984
aead,zen4,1984,openssl-asm-seal,core_cycles_per_byte,1.17472714
aead,zen4,1984,openssl-asm-seal,instructions_per_byte,4.70000000
aead,zen4,1984,openssl-asm-seal,tsc_ticks_per_byte,1.18304969
aead,zen4,1984,openssl-asm-open,core_cycles_per_byte,1.21480328
aead,zen4,1984,openssl-asm-open,instructions_per_byte,4.70000000
aead,zen4,1984,openssl-asm-open,tsc_ticks_per_byte,1.03007983
aead,zen4,2048,openssl-asm-seal,core_cycles_per_byte,1.11598024
aead,zen4,2048,openssl-asm-seal,instructions_per_byte,4.70000000
aead,zen4,2048,openssl-asm-seal,tsc_ticks_per_byte,1.12512252
aead,zen4,2048,openssl-asm-open,core_cycles_per_byte,1.10810429
aead,zen4,2048,openssl-asm-open,instructions_per_byte,4.70000000
aead,zen4,2048,openssl-asm-open,tsc_ticks_per_byte,0.97748796
aead,zen4,2049,openssl-asm-seal,core_cycles_per_byte,1.36566620
aead,zen4,2049,openssl-asm-seal,instructions_per_byte,4.70000000
aead,zen4,2049,openssl-asm-seal,tsc_ticks_per_byte,1.29730312
aead,zen4,2049,openssl-asm-open,core_cycles_per_byte,1.39059752
aead,zen4,2049,openssl-asm-open,instructions_per_byte,4.70000000
aead,zen4,2049,openssl-asm-open,tsc_ticks_per_byte,1.42342270
aead,zen4,2176,openssl-asm-seal,core_cycles_per_byte,1.39649302
aead,zen4,2176,openssl-asm-seal,instructions_per_byte,4.70000000
aead,zen4,2176,openssl-asm-seal,tsc_ticks_per_byte,1.36949069
aead,zen4,2176,openssl-asm-open,core_cycles_per_byte,1.40806121
aead,zen4,2176,openssl-asm-open,instructions_per_byte,4.70000000
aead,zen4,2176,openssl-asm-open,tsc_ticks_per_byte,1.26503177
aead,zen4,2432,openssl-asm-seal,core_cycles_per_byte,1.29518908
aead,zen4,2432,openssl-asm-seal,instructions_per_byte,4.70000000
aead,zen4,2432,openssl-asm-seal,tsc_ticks_per_byte,1.26101204
aead,zen4,2432,openssl-asm-open,core_cycles_per_byte,1.29539015
aead,zen4,2432,openssl-asm-open,instructions_per_byte,4.70000000
aead,zen4,2432,openssl-asm-open,tsc_ticks_per_byte,1.24125344
aead,zen4,2560,openssl-asm-seal,core_cycles_per_byte,1.21805929
aead,zen4,2560,openssl-asm-seal,instructions_per_byte,4.70000000
aead,zen4,2560,openssl-asm-seal,tsc_ticks_per_byte,0.99523362
aead,zen4,2560,openssl-asm-open,core_cycles_per_byte,1.23563270
aead,zen4,2560,openssl-asm-open,instructions_per_byte,4.70000000
aead,zen4,2560,openssl-asm-open,tsc_ticks_per_byte,1.25228519
aead,zen4,4096,openssl-asm-seal,core_cycles_per_byte,1.03842342
aead,zen4,4096,openssl-asm-seal,instructions_per_byte,4.70000000
aead,zen4,4096,openssl-asm-seal,tsc_ticks_per_byte,0.99281846
aead,zen4,4096,openssl-asm-open,core_cycles_per_byte,1.06225861
aead,zen4,4096,openssl-asm-open,instructions_per_byte,4.70000000
aead,zen4,4096,openssl-asm-open,tsc_ticks_per_byte,1.01695858
aead,zen4,4229,openssl-asm-seal,core_cycles_per_byte,1.29158133
aead,zen4,4229,openssl-asm-seal,instructions_per_byte,4.70000000
aead,zen4,4229,openssl-asm-seal,tsc_ticks_per_byte,1.05330637
aead,zen4,4229,openssl-asm-open,core_cycles_per_byte,1.30056032
aead,zen4,4229,openssl-asm-open,instructions_per_byte,4.70000000
aead,zen4,4229,openssl-asm-open,tsc_ticks_per_byte,1.11916700
aead,zen4,8192,openssl-asm-seal,core_cycles_per_byte,1.01778493
aead,zen4,8192,openssl-asm-seal,instructions_per_byte,4.70000000
aead,zen4,8192,openssl-asm-seal,tsc_ticks_per_byte,0.94428116
aead,zen4,8192,openssl-asm-open,core_cycles_per_byte,1.00957743
aead,zen4,8192,openssl-asm-open,instructions_per_byte,4.70000000
aead,zen4,8192,openssl-asm-open,tsc_ticks_per_byte,0.92752147
aead,zen4,9000,openssl-asm-seal,core_cycles_per_byte,1.08130678
aead,zen4,9000,openssl-asm-seal,instructions_per_byte,4.70000000
aead,zen4,9000,openssl-asm-seal,tsc_ticks_per_byte,0.86188902
aead,zen4,9000,openssl-asm-open,core_cycles_per_byte,1.09786543
aead,zen4,9000,openssl-asm-open,instructions_per_byte,4.70000000
aead,zen4,9000,openssl-asm-open,tsc_ticks_per_byte,0.86057750
aead,zen4,16384,openssl-asm-seal,core_cycles_per_byte,0.99139183
aead,zen4,16384,openssl-asm-seal,instructions_per_byte,4.70000000
aead,zen4,16384,openssl-asm-seal,tsc_ticks_per_byte,0.82493048
aead,zen4,16384,openssl-asm-open,core_cycles_per_byte,0.99360054
aead,zen4,16384,openssl-asm-open,instructions_per_byte,4.70000000
aead,zen4,16384,openssl-asm-open,tsc_ticks_per_byte,0.84280794
aead,zen4,16385,openssl-asm-seal,core_cycles_per_byte,1.01769080
aead,zen4,16385,openssl-asm-seal,instructions_per_byte,4.70000000
aead,zen4,16385,openssl-asm-seal,tsc_ticks_per_byte,0.81811481
aead,zen4,16385,openssl-asm-open,core_cycles_per_byte,1.02779727
aead,zen4,16385,openssl-asm-open,instructions_per_byte,4.70000000
aead,zen4,16385,openssl-asm-open,tsc_ticks_per_byte,0.96399067
aead,zen4,32768,openssl-asm-seal,core_cycles_per_byte,0.98430249
aead,zen4,32768,openssl-asm-seal,instructions_per_byte,4.70000000
aead,zen4,32768,openssl-asm-seal,tsc_ticks_per_byte,0.84211883
aead,zen4,32768,openssl-asm-open,core_cycles_per_byte,0.98575046
aead,zen4,32768,openssl-asm-open,instructions_per_byte,4.70000000
aead,zen4,32768,openssl-asm-open,tsc_ticks_per_byte,0.89262894
aead,zen4,65536,openssl-asm-seal,core_cycles_per_byte,0.97766113
aead,zen4,65536,openssl-asm-seal,instructions_per_byte,4.70000000
aead,zen4,65536,openssl-asm-seal,tsc_ticks_per_byte,0.76449497
aead,zen4,65536,openssl-asm-open,core_cycles_per_byte,0.97951266
aead,zen4,65536,openssl-asm-open,instructions_per_byte,4.70000000
aead,zen4,65536,openssl-asm-open,tsc_ticks_per_byte,0.78633840
