algorithm,machine,size,variant,metric,value
aead,zen4,64,intel-one-shot-seal,core_cycles_per_byte,10.05690031
aead,zen4,64,intel-one-shot-seal,instructions_per_byte,15.29690656
aead,zen4,64,intel-one-shot-seal,tsc_ticks_per_byte,7.63577938
aead,zen4,64,intel-one-shot-open,core_cycles_per_byte,9.75733750
aead,zen4,64,intel-one-shot-open,instructions_per_byte,15.62504281
aead,zen4,64,intel-one-shot-open,tsc_ticks_per_byte,7.50220937
aead,zen4,64,boringssl-stitched-seal,core_cycles_per_byte,9.87365000
aead,zen4,64,boringssl-stitched-seal,instructions_per_byte,19.21878812
aead,zen4,64,boringssl-stitched-seal,tsc_ticks_per_byte,7.95601250
aead,zen4,64,boringssl-stitched-open,core_cycles_per_byte,9.76701594
aead,zen4,64,boringssl-stitched-open,instructions_per_byte,19.32816813
aead,zen4,64,boringssl-stitched-open,tsc_ticks_per_byte,7.90119750
aead,zen4,64,ahead-fused-seal,core_cycles_per_byte,9.28542500
aead,zen4,64,ahead-fused-seal,instructions_per_byte,16.84379188
aead,zen4,64,ahead-fused-seal,tsc_ticks_per_byte,7.57715250
aead,zen4,64,ahead-fused-open,core_cycles_per_byte,9.60882437
aead,zen4,64,ahead-fused-open,instructions_per_byte,16.65628812
aead,zen4,64,ahead-fused-open,tsc_ticks_per_byte,7.28919562
aead,zen4,64,intel-direct-seal,core_cycles_per_byte,13.67302750
aead,zen4,64,intel-direct-seal,instructions_per_byte,22.84380531
aead,zen4,64,intel-direct-seal,tsc_ticks_per_byte,11.05358250
aead,zen4,64,intel-direct-open,core_cycles_per_byte,13.52721594
aead,zen4,64,intel-direct-open,instructions_per_byte,23.28129219
aead,zen4,64,intel-direct-open,tsc_ticks_per_byte,11.15940062
aead,zen4,128,intel-one-shot-seal,core_cycles_per_byte,5.39461359
aead,zen4,128,intel-one-shot-seal,instructions_per_byte,9.03126719
aead,zen4,128,intel-one-shot-seal,tsc_ticks_per_byte,4.09137687
aead,zen4,128,intel-one-shot-open,core_cycles_per_byte,5.32619281
aead,zen4,128,intel-one-shot-open,instructions_per_byte,9.20313969
aead,zen4,128,intel-one-shot-open,tsc_ticks_per_byte,4.26694875
aead,zen4,128,boringssl-stitched-seal,core_cycles_per_byte,5.39740672
aead,zen4,128,boringssl-stitched-seal,instructions_per_byte,11.12501922
aead,zen4,128,boringssl-stitched-seal,tsc_ticks_per_byte,4.40671156
aead,zen4,128,boringssl-stitched-open,core_cycles_per_byte,5.40798078
aead,zen4,128,boringssl-stitched-open,instructions_per_byte,11.17970094
aead,zen4,128,boringssl-stitched-open,tsc_ticks_per_byte,4.09635250
aead,zen4,128,ahead-fused-seal,core_cycles_per_byte,5.38211562
aead,zen4,128,ahead-fused-seal,instructions_per_byte,10.00782984
aead,zen4,128,ahead-fused-seal,tsc_ticks_per_byte,4.04854375
aead,zen4,128,ahead-fused-open,core_cycles_per_byte,5.60344063
aead,zen4,128,ahead-fused-open,instructions_per_byte,9.91408031
aead,zen4,128,ahead-fused-open,tsc_ticks_per_byte,4.21840375
aead,zen4,128,intel-direct-seal,core_cycles_per_byte,7.18491984
aead,zen4,128,intel-direct-seal,instructions_per_byte,12.81252219
aead,zen4,128,intel-direct-seal,tsc_ticks_per_byte,5.85777125
aead,zen4,128,intel-direct-open,core_cycles_per_byte,7.32814906
aead,zen4,128,intel-direct-open,instructions_per_byte,13.03127656
aead,zen4,128,intel-direct-open,tsc_ticks_per_byte,5.99873344
aead,zen4,256,intel-one-shot-seal,core_cycles_per_byte,3.39793844
aead,zen4,256,intel-one-shot-seal,instructions_per_byte,5.92579195
aead,zen4,256,intel-one-shot-seal,tsc_ticks_per_byte,3.01130406
aead,zen4,256,intel-one-shot-open,core_cycles_per_byte,3.51354750
aead,zen4,256,intel-one-shot-open,instructions_per_byte,6.03517063
aead,zen4,256,intel-one-shot-open,tsc_ticks_per_byte,2.99681656
aead,zen4,256,boringssl-stitched-seal,core_cycles_per_byte,3.43985234
aead,zen4,256,boringssl-stitched-seal,instructions_per_byte,8.62110594
aead,zen4,256,boringssl-stitched-seal,tsc_ticks_per_byte,2.62199109
aead,zen4,256,boringssl-stitched-open,core_cycles_per_byte,3.43966289
aead,zen4,256,boringssl-stitched-open,instructions_per_byte,8.64844750
aead,zen4,256,boringssl-stitched-open,tsc_ticks_per_byte,2.88626031
aead,zen4,256,ahead-fused-seal,core_cycles_per_byte,3.19497250
aead,zen4,256,ahead-fused-seal,instructions_per_byte,8.16016555
aead,zen4,256,ahead-fused-seal,tsc_ticks_per_byte,2.50077703
aead,zen4,256,ahead-fused-open,core_cycles_per_byte,3.24276273
aead,zen4,256,ahead-fused-open,instructions_per_byte,8.11329055
aead,zen4,256,ahead-fused-open,tsc_ticks_per_byte,2.59011266
aead,zen4,256,intel-direct-seal,core_cycles_per_byte,3.84203539
aead,zen4,256,intel-direct-seal,instructions_per_byte,6.55079125
aead,zen4,256,intel-direct-seal,tsc_ticks_per_byte,3.31205625
aead,zen4,256,intel-direct-open,core_cycles_per_byte,3.90929555
aead,zen4,256,intel-direct-open,instructions_per_byte,6.66016742
aead,zen4,256,intel-direct-open,tsc_ticks_per_byte,3.17549375
aead,zen4,512,intel-one-shot-seal,core_cycles_per_byte,2.16906305
aead,zen4,512,intel-one-shot-seal,instructions_per_byte,4.15039668
aead,zen4,512,intel-one-shot-seal,tsc_ticks_per_byte,1.70924742
aead,zen4,512,intel-one-shot-open,core_cycles_per_byte,2.26895141
aead,zen4,512,intel-one-shot-open,instructions_per_byte,4.23438105
aead,zen4,512,intel-one-shot-open,tsc_ticks_per_byte,2.11928078
aead,zen4,512,boringssl-stitched-seal,core_cycles_per_byte,2.57447531
aead,zen4,512,boringssl-stitched-seal,instructions_per_byte,6.91211934
aead,zen4,512,boringssl-stitched-seal,tsc_ticks_per_byte,2.01001000
aead,zen4,512,boringssl-stitched-open,core_cycles_per_byte,2.53416871
aead,zen4,512,boringssl-stitched-open,instructions_per_byte,7.07032059
aead,zen4,512,boringssl-stitched-open,tsc_ticks_per_byte,1.93553742
aead,zen4,512,ahead-fused-seal,core_cycles_per_byte,2.24488348
aead,zen4,512,ahead-fused-seal,instructions_per_byte,6.61328664
aead,zen4,512,ahead-fused-seal,tsc_ticks_per_byte,1.90099453
aead,zen4,512,ahead-fused-open,core_cycles_per_byte,2.26553824
aead,zen4,512,ahead-fused-open,instructions_per_byte,6.58985012
aead,zen4,512,ahead-fused-open,tsc_ticks_per_byte,1.97225937
aead,zen4,512,intel-direct-seal,core_cycles_per_byte,2.34351648
aead,zen4,512,intel-direct-seal,instructions_per_byte,4.29297910
aead,zen4,512,intel-direct-seal,tsc_ticks_per_byte,2.25430398
aead,zen4,512,intel-direct-open,core_cycles_per_byte,2.44440172
aead,zen4,512,intel-direct-open,instructions_per_byte,4.34766324
aead,zen4,512,intel-direct-open,tsc_ticks_per_byte,2.32914172
aead,zen4,1024,intel-one-shot-seal,core_cycles_per_byte,1.57350695
aead,zen4,1024,intel-one-shot-seal,instructions_per_byte,2.66797379
aead,zen4,1024,intel-one-shot-seal,tsc_ticks_per_byte,1.38231063
aead,zen4,1024,intel-one-shot-open,core_cycles_per_byte,1.61542395
aead,zen4,1024,intel-one-shot-open,instructions_per_byte,2.73828644
aead,zen4,1024,intel-one-shot-open,tsc_ticks_per_byte,1.44826221
aead,zen4,1024,boringssl-stitched-seal,core_cycles_per_byte,2.07273334
aead,zen4,1024,boringssl-stitched-seal,instructions_per_byte,6.22070915
aead,zen4,1024,boringssl-stitched-seal,tsc_ticks_per_byte,1.73561525
aead,zen4,1024,boringssl-stitched-open,core_cycles_per_byte,1.97549072
aead,zen4,1024,boringssl-stitched-open,instructions_per_byte,6.30274084
aead,zen4,1024,boringssl-stitched-open,tsc_ticks_per_byte,1.63977957
aead,zen4,1024,ahead-fused-seal,core_cycles_per_byte,1.26236454
aead,zen4,1024,ahead-fused-seal,instructions_per_byte,3.58984789
aead,zen4,1024,ahead-fused-seal,tsc_ticks_per_byte,0.97801119
aead,zen4,1024,ahead-fused-open,core_cycles_per_byte,1.27885178
aead,zen4,1024,ahead-fused-open,instructions_per_byte,3.57812884
aead,zen4,1024,ahead-fused-open,tsc_ticks_per_byte,1.09526449
aead,zen4,1024,intel-direct-seal,core_cycles_per_byte,1.45064253
aead,zen4,1024,intel-direct-seal,instructions_per_byte,2.79102150
aead,zen4,1024,intel-direct-seal,tsc_ticks_per_byte,1.39599901
aead,zen4,1024,intel-direct-open,core_cycles_per_byte,1.50192222
aead,zen4,1024,intel-direct-open,instructions_per_byte,2.81836420
aead,zen4,1024,intel-direct-open,tsc_ticks_per_byte,1.22295254
aead,zen4,1025,intel-one-shot-seal,core_cycles_per_byte,1.62845281
aead,zen4,1025,intel-one-shot-seal,instructions_per_byte,2.71025088
aead,zen4,1025,intel-one-shot-seal,tsc_ticks_per_byte,1.56365180
aead,zen4,1025,intel-one-shot-open,core_cycles_per_byte,1.61176594
aead,zen4,1025,intel-one-shot-open,instructions_per_byte,2.78049320
aead,zen4,1025,intel-one-shot-open,tsc_ticks_per_byte,1.32904758
aead,zen4,1025,boringssl-stitched-seal,core_cycles_per_byte,2.06622386
aead,zen4,1025,boringssl-stitched-seal,instructions_per_byte,6.27122658
aead,zen4,1025,boringssl-stitched-seal,tsc_ticks_per_byte,1.58228805
aead,zen4,1025,boringssl-stitched-open,core_cycles_per_byte,1.99700418
aead,zen4,1025,boringssl-stitched-open,instructions_per_byte,6.35122655
aead,zen4,1025,boringssl-stitched-open,tsc_ticks_per_byte,1.75288624
aead,zen4,1025,ahead-fused-seal,core_cycles_per_byte,1.54422481
aead,zen4,1025,ahead-fused-seal,instructions_per_byte,4.61171235
aead,zen4,1025,ahead-fused-seal,tsc_ticks_per_byte,1.41820393
aead,zen4,1025,ahead-fused-open,core_cycles_per_byte,1.57845329
aead,zen4,1025,ahead-fused-open,instructions_per_byte,4.60000727
aead,zen4,1025,ahead-fused-open,tsc_ticks_per_byte,1.45007445
aead,zen4,1025,intel-direct-seal,core_cycles_per_byte,1.87529108
aead,zen4,1025,intel-direct-seal,instructions_per_byte,3.22732366
aead,zen4,1025,intel-direct-seal,tsc_ticks_per_byte,1.68381685
aead,zen4,1025,intel-direct-open,core_cycles_per_byte,1.88663472
aead,zen4,1025,intel-direct-open,instructions_per_byte,3.25464136
aead,zen4,1025,intel-direct-open,tsc_ticks_per_byte,1.77871945
aead,zen4,1088,intel-one-shot-seal,core_cycles_per_byte,1.58778232
aead,zen4,1088,intel-one-shot-seal,instructions_per_byte,2.61397661
aead,zen4,1088,intel-one-shot-seal,tsc_ticks_per_byte,1.49580651
aead,zen4,1088,intel-one-shot-open,core_cycles_per_byte,1.56375494
aead,zen4,1088,intel-one-shot-open,instructions_per_byte,2.68015227
aead,zen4,1088,intel-one-shot-open,tsc_ticks_per_byte,1.39624795
aead,zen4,1088,boringssl-stitched-seal,core_cycles_per_byte,1.96906090
aead,zen4,1088,boringssl-stitched-seal,instructions_per_byte,6.03309491
aead,zen4,1088,boringssl-stitched-seal,tsc_ticks_per_byte,1.50489600
aead,zen4,1088,boringssl-stitched-open,core_cycles_per_byte,1.85907799
aead,zen4,1088,boringssl-stitched-open,instructions_per_byte,5.96967487
aead,zen4,1088,boringssl-stitched-open,tsc_ticks_per_byte,1.60768560
aead,zen4,1088,ahead-fused-seal,core_cycles_per_byte,1.49693166
aead,zen4,1088,ahead-fused-seal,instructions_per_byte,4.39614444
aead,zen4,1088,ahead-fused-seal,tsc_ticks_per_byte,1.33969629
aead,zen4,1088,ahead-fused-open,core_cycles_per_byte,1.50339656
aead,zen4,1088,ahead-fused-open,instructions_per_byte,4.38511557
aead,zen4,1088,ahead-fused-open,tsc_ticks_per_byte,1.35678919
aead,zen4,1088,intel-direct-seal,core_cycles_per_byte,1.73993870
aead,zen4,1088,intel-direct-seal,instructions_per_byte,3.06250569
aead,zen4,1088,intel-direct-seal,tsc_ticks_per_byte,1.44766597
aead,zen4,1088,intel-direct-open,core_cycles_per_byte,1.79898402
aead,zen4,1088,intel-direct-open,instructions_per_byte,3.08824185
aead,zen4,1088,intel-direct-open,tsc_ticks_per_byte,1.45993327
aead,zen4,1200,intel-one-shot-seal,core_cycles_per_byte,1.46589550
aead,zen4,1200,intel-one-shot-seal,instructions_per_byte,2.44083813
aead,zen4,1200,intel-one-shot-seal,tsc_ticks_per_byte,1.36556583
aead,zen4,1200,intel-one-shot-open,core_cycles_per_byte,1.48109476
aead,zen4,1200,intel-one-shot-open,instructions_per_byte,2.50083849
aead,zen4,1200,intel-one-shot-open,tsc_ticks_per_byte,1.21467182
aead,zen4,1200,boringssl-stitched-seal,core_cycles_per_byte,1.93872991
aead,zen4,1200,boringssl-stitched-seal,instructions_per_byte,6.24083962
aead,zen4,1200,boringssl-stitched-seal,tsc_ticks_per_byte,1.52262964
aead,zen4,1200,boringssl-stitched-open,core_cycles_per_byte,2.00803179
aead,zen4,1200,boringssl-stitched-open,instructions_per_byte,6.05750712
aead,zen4,1200,boringssl-stitched-open,tsc_ticks_per_byte,1.67425297
aead,zen4,1200,ahead-fused-seal,core_cycles_per_byte,1.50262365
aead,zen4,1200,ahead-fused-seal,instructions_per_byte,4.35084153
aead,zen4,1200,ahead-fused-seal,tsc_ticks_per_byte,1.20029147
aead,zen4,1200,ahead-fused-open,core_cycles_per_byte,1.52210929
aead,zen4,1200,ahead-fused-open,instructions_per_byte,4.34084123
aead,zen4,1200,ahead-fused-open,tsc_ticks_per_byte,1.28776834
aead,zen4,1200,intel-direct-seal,core_cycles_per_byte,1.66861008
aead,zen4,1200,intel-direct-seal,instructions_per_byte,2.85084299
aead,zen4,1200,intel-direct-seal,tsc_ticks_per_byte,1.53694657
aead,zen4,1200,intel-direct-open,core_cycles_per_byte,1.70359962
aead,zen4,1200,intel-direct-open,instructions_per_byte,2.87417281
aead,zen4,1200,intel-direct-open,tsc_ticks_per_byte,1.64429070
aead,zen4,1280,intel-one-shot-seal,core_cycles_per_byte,1.41390842
aead,zen4,1280,intel-one-shot-seal,instructions_per_byte,2.48672492
aead,zen4,1280,intel-one-shot-seal,tsc_ticks_per_byte,1.27461912
aead,zen4,1280,intel-one-shot-open,core_cycles_per_byte,1.45769397
aead,zen4,1280,intel-one-shot-open,instructions_per_byte,2.54297385
aead,zen4,1280,intel-one-shot-open,tsc_ticks_per_byte,1.28224202
aead,zen4,1280,boringssl-stitched-seal,core_cycles_per_byte,1.91723837
aead,zen4,1280,boringssl-stitched-seal,instructions_per_byte,6.33203781
aead,zen4,1280,boringssl-stitched-seal,tsc_ticks_per_byte,1.47660714
aead,zen4,1280,boringssl-stitched-open,core_cycles_per_byte,2.01080696
aead,zen4,1280,boringssl-stitched-open,instructions_per_byte,6.26719447
aead,zen4,1280,boringssl-stitched-open,tsc_ticks_per_byte,1.68992475
aead,zen4,1280,ahead-fused-seal,core_cycles_per_byte,1.27507111
aead,zen4,1280,ahead-fused-seal,instructions_per_byte,3.75859840
aead,zen4,1280,ahead-fused-seal,tsc_ticks_per_byte,1.03959251
aead,zen4,1280,ahead-fused-open,core_cycles_per_byte,1.29329867
aead,zen4,1280,ahead-fused-open,instructions_per_byte,3.74922277
aead,zen4,1280,ahead-fused-open,tsc_ticks_per_byte,1.04116896
aead,zen4,1280,intel-direct-seal,core_cycles_per_byte,1.48657719
aead,zen4,1280,intel-direct-seal,instructions_per_byte,2.61172423
aead,zen4,1280,intel-direct-seal,tsc_ticks_per_byte,1.18461777
aead,zen4,1280,intel-direct-open,core_cycles_per_byte,1.54166530
aead,zen4,1280,intel-direct-open,instructions_per_byte,2.63359929
aead,zen4,1280,intel-direct-open,tsc_ticks_per_byte,1.40319927
aead,zen4,1350,intel-one-shot-seal,core_cycles_per_byte,1.39732636
aead,zen4,1350,intel-one-shot-seal,instructions_per_byte,2.44963362
aead,zen4,1350,intel-one-shot-seal,tsc_ticks_per_byte,1.18502854
aead,zen4,1350,intel-one-shot-open,core_cycles_per_byte,1.41893706
aead,zen4,1350,intel-one-shot-open,instructions_per_byte,2.50296687
aead,zen4,1350,intel-one-shot-open,tsc_ticks_per_byte,1.15558822
aead,zen4,1350,boringssl-stitched-seal,core_cycles_per_byte,1.97249180
aead,zen4,1350,boringssl-stitched-seal,instructions_per_byte,6.43704309
aead,zen4,1350,boringssl-stitched-seal,tsc_ticks_per_byte,1.60908767
aead,zen4,1350,boringssl-stitched-open,core_cycles_per_byte,1.89253096
aead,zen4,1350,boringssl-stitched-open,instructions_per_byte,6.28593397
aead,zen4,1350,boringssl-stitched-open,tsc_ticks_per_byte,1.68649140
aead,zen4,1350,ahead-fused-seal,core_cycles_per_byte,1.26531024
aead,zen4,1350,ahead-fused-seal,instructions_per_byte,3.69630047
aead,zen4,1350,ahead-fused-seal,tsc_ticks_per_byte,1.05040554
aead,zen4,1350,ahead-fused-open,core_cycles_per_byte,1.28899207
aead,zen4,1350,ahead-fused-open,instructions_per_byte,3.68741227
aead,zen4,1350,ahead-fused-open,tsc_ticks_per_byte,1.23965781
aead,zen4,1350,intel-direct-seal,core_cycles_per_byte,1.59433944
aead,zen4,1350,intel-direct-seal,instructions_per_byte,2.86741262
aead,zen4,1350,intel-direct-seal,tsc_ticks_per_byte,1.40139386
aead,zen4,1350,intel-direct-open,core_cycles_per_byte,1.63808257
aead,zen4,1350,intel-direct-open,instructions_per_byte,2.88815360
aead,zen4,1350,intel-direct-open,tsc_ticks_per_byte,1.45616016
aead,zen4,1360,intel-one-shot-seal,core_cycles_per_byte,1.36794136
aead,zen4,1360,intel-one-shot-seal,instructions_per_byte,2.43162218
aead,zen4,1360,intel-one-shot-seal,tsc_ticks_per_byte,1.09746468
aead,zen4,1360,intel-one-shot-open,core_cycles_per_byte,1.41613260
aead,zen4,1360,intel-one-shot-open,instructions_per_byte,2.48456440
aead,zen4,1360,intel-one-shot-open,tsc_ticks_per_byte,1.17257811
aead,zen4,1360,boringssl-stitched-seal,core_cycles_per_byte,1.96073976
aead,zen4,1360,boringssl-stitched-seal,instructions_per_byte,6.34412179
aead,zen4,1360,boringssl-stitched-seal,tsc_ticks_per_byte,1.46962412
aead,zen4,1360,boringssl-stitched-open,core_cycles_per_byte,1.87514526
aead,zen4,1360,boringssl-stitched-open,instructions_per_byte,6.19044666
aead,zen4,1360,boringssl-stitched-open,tsc_ticks_per_byte,1.42771915
aead,zen4,1360,ahead-fused-seal,core_cycles_per_byte,1.26282339
aead,zen4,1360,ahead-fused-seal,instructions_per_byte,3.72059288
aead,zen4,1360,ahead-fused-seal,tsc_ticks_per_byte,1.00324135
aead,zen4,1360,ahead-fused-open,core_cycles_per_byte,1.29257756
aead,zen4,1360,ahead-fused-open,instructions_per_byte,3.71176971
aead,zen4,1360,ahead-fused-open,tsc_ticks_per_byte,1.04864576
aead,zen4,1360,intel-direct-seal,core_cycles_per_byte,1.56294066
aead,zen4,1360,intel-direct-seal,instructions_per_byte,2.78897723
aead,zen4,1360,intel-direct-seal,tsc_ticks_per_byte,1.46272263
aead,zen4,1360,intel-direct-open,core_cycles_per_byte,1.60551909
aead,zen4,1360,intel-direct-open,instructions_per_byte,2.80956371
aead,zen4,1360,intel-direct-open,tsc_ticks_per_byte,1.39398860
aead,zen4,1420,intel-one-shot-seal,core_cycles_per_byte,1.35557566
aead,zen4,1420,intel-one-shot-seal,instructions_per_byte,2.32887851
aead,zen4,1420,intel-one-shot-seal,tsc_ticks_per_byte,1.27343995
aead,zen4,1420,intel-one-shot-open,core_cycles_per_byte,1.35561953
aead,zen4,1420,intel-one-shot-open,instructions_per_byte,2.37958208
aead,zen4,1420,intel-one-shot-open,tsc_ticks_per_byte,1.19196118
aead,zen4,1420,boringssl-stitched-seal,core_cycles_per_byte,1.97467781
aead,zen4,1420,boringssl-stitched-seal,instructions_per_byte,6.29859682
aead,zen4,1420,boringssl-stitched-seal,tsc_ticks_per_byte,1.50654644
aead,zen4,1420,boringssl-stitched-open,core_cycles_per_byte,1.82641386
aead,zen4,1420,boringssl-stitched-open,instructions_per_byte,6.12394846
aead,zen4,1420,boringssl-stitched-open,tsc_ticks_per_byte,1.39555279
aead,zen4,1420,ahead-fused-seal,core_cycles_per_byte,1.23606406
aead,zen4,1420,ahead-fused-seal,instructions_per_byte,3.55352503
aead,zen4,1420,ahead-fused-seal,tsc_ticks_per_byte,0.98276807
aead,zen4,1420,ahead-fused-open,core_cycles_per_byte,1.25762545
aead,zen4,1420,ahead-fused-open,instructions_per_byte,3.54507415
aead,zen4,1420,ahead-fused-open,tsc_ticks_per_byte,1.13834039
aead,zen4,1420,intel-direct-seal,core_cycles_per_byte,1.52132546
aead,zen4,1420,intel-direct-seal,instructions_per_byte,2.70563872
aead,zen4,1420,intel-direct-seal,tsc_ticks_per_byte,1.45032536
aead,zen4,1420,intel-direct-open,core_cycles_per_byte,1.53982576
aead,zen4,1420,intel-direct-open,instructions_per_byte,2.72535670
aead,zen4,1420,intel-direct-open,tsc_ticks_per_byte,1.40440465
aead,zen4,1500,intel-one-shot-seal,core_cycles_per_byte,1.40528636
aead,zen4,1500,intel-one-shot-seal,instructions_per_byte,2.52067200
aead,zen4,1500,intel-one-shot-seal,tsc_ticks_per_byte,1.27761247
aead,zen4,1500,intel-one-shot-open,core_cycles_per_byte,1.44129578
aead,zen4,1500,intel-one-shot-open,instructions_per_byte,2.58467152
aead,zen4,1500,intel-one-shot-open,tsc_ticks_per_byte,1.15247357
aead,zen4,1500,boringssl-stitched-seal,core_cycles_per_byte,1.85928982
aead,zen4,1500,boringssl-stitched-seal,instructions_per_byte,6.14000486
aead,zen4,1500,boringssl-stitched-seal,tsc_ticks_per_byte,1.40515231
aead,zen4,1500,boringssl-stitched-open,core_cycles_per_byte,1.87496118
aead,zen4,1500,boringssl-stitched-open,instructions_per_byte,6.21667087
aead,zen4,1500,boringssl-stitched-open,tsc_ticks_per_byte,1.41103462
aead,zen4,1500,ahead-fused-seal,core_cycles_per_byte,1.21569324
aead,zen4,1500,ahead-fused-seal,instructions_per_byte,3.49133736
aead,zen4,1500,ahead-fused-seal,tsc_ticks_per_byte,0.97619801
aead,zen4,1500,ahead-fused-open,core_cycles_per_byte,1.23267349
aead,zen4,1500,ahead-fused-open,instructions_per_byte,3.48333751
aead,zen4,1500,ahead-fused-open,tsc_ticks_per_byte,1.00509992
aead,zen4,1500,intel-direct-seal,core_cycles_per_byte,1.49203347
aead,zen4,1500,intel-direct-seal,instructions_per_byte,2.63667144
aead,zen4,1500,intel-direct-seal,tsc_ticks_per_byte,1.27584347
aead,zen4,1500,intel-direct-open,core_cycles_per_byte,1.52530752
aead,zen4,1500,intel-direct-open,instructions_per_byte,2.65533730
aead,zen4,1500,intel-direct-open,tsc_ticks_per_byte,1.27549579
aead,zen4,1536,intel-one-shot-seal,core_cycles_per_byte,1.32747578
aead,zen4,1536,intel-one-shot-seal,instructions_per_byte,2.41081114
aead,zen4,1536,intel-one-shot-seal,tsc_ticks_per_byte,1.06794479
aead,zen4,1536,intel-one-shot-open,core_cycles_per_byte,1.35310774
aead,zen4,1536,intel-one-shot-open,instructions_per_byte,2.47331221
aead,zen4,1536,intel-one-shot-open,tsc_ticks_per_byte,1.20515010
aead,zen4,1536,boringssl-stitched-seal,core_cycles_per_byte,1.82806480
aead,zen4,1536,boringssl-stitched-seal,instructions_per_byte,5.98307748
aead,zen4,1536,boringssl-stitched-seal,tsc_ticks_per_byte,1.51553815
aead,zen4,1536,boringssl-stitched-open,core_cycles_per_byte,1.79282361
aead,zen4,1536,boringssl-stitched-open,instructions_per_byte,6.04687968
aead,zen4,1536,boringssl-stitched-open,tsc_ticks_per_byte,1.55778854
aead,zen4,1536,ahead-fused-seal,core_cycles_per_byte,1.11063667
aead,zen4,1536,ahead-fused-seal,instructions_per_byte,3.22786876
aead,zen4,1536,ahead-fused-seal,tsc_ticks_per_byte,0.92274512
aead,zen4,1536,ahead-fused-open,core_cycles_per_byte,1.13299591
aead,zen4,1536,ahead-fused-open,instructions_per_byte,3.22005557
aead,zen4,1536,ahead-fused-open,tsc_ticks_per_byte,0.91171678
aead,zen4,1536,intel-direct-seal,core_cycles_per_byte,1.37604661
aead,zen4,1536,intel-direct-seal,instructions_per_byte,2.46810271
aead,zen4,1536,intel-direct-seal,tsc_ticks_per_byte,1.20518521
aead,zen4,1536,intel-direct-open,core_cycles_per_byte,1.43441804
aead,zen4,1536,intel-direct-open,instructions_per_byte,2.48633236
aead,zen4,1536,intel-direct-open,tsc_ticks_per_byte,1.26921480
aead,zen4,1537,intel-one-shot-seal,core_cycles_per_byte,1.35680664
aead,zen4,1537,intel-one-shot-seal,instructions_per_byte,2.43917165
aead,zen4,1537,intel-one-shot-seal,tsc_ticks_per_byte,1.12501324
aead,zen4,1537,intel-one-shot-open,core_cycles_per_byte,1.36302239
aead,zen4,1537,intel-one-shot-open,instructions_per_byte,2.50163140
aead,zen4,1537,intel-one-shot-open,tsc_ticks_per_byte,1.27578789
aead,zen4,1537,boringssl-stitched-seal,core_cycles_per_byte,1.85353550
aead,zen4,1537,boringssl-stitched-seal,instructions_per_byte,6.01692021
aead,zen4,1537,boringssl-stitched-seal,tsc_ticks_per_byte,1.39887079
aead,zen4,1537,boringssl-stitched-open,core_cycles_per_byte,1.81167910
aead,zen4,1537,boringssl-stitched-open,instructions_per_byte,6.07938169
aead,zen4,1537,boringssl-stitched-open,tsc_ticks_per_byte,1.65999231
aead,zen4,1537,ahead-fused-seal,core_cycles_per_byte,1.28329368
aead,zen4,1537,ahead-fused-seal,instructions_per_byte,3.26610688
aead,zen4,1537,ahead-fused-seal,tsc_ticks_per_byte,1.15752602
aead,zen4,1537,ahead-fused-open,core_cycles_per_byte,1.29673850
aead,zen4,1537,ahead-fused-open,instructions_per_byte,3.25829905
aead,zen4,1537,ahead-fused-open,tsc_ticks_per_byte,1.13184218
aead,zen4,1537,intel-direct-seal,core_cycles_per_byte,1.51242977
aead,zen4,1537,intel-direct-seal,instructions_per_byte,2.78790235
aead,zen4,1537,intel-direct-seal,tsc_ticks_per_byte,1.20621875
aead,zen4,1537,intel-direct-open,core_cycles_per_byte,1.54858319
aead,zen4,1537,intel-direct-open,instructions_per_byte,2.80612028
aead,zen4,1537,intel-direct-open,tsc_ticks_per_byte,1.25867024
aead,zen4,1600,intel-one-shot-seal,core_cycles_per_byte,1.31568887
aead,zen4,1600,intel-one-shot-seal,instructions_per_byte,2.38438153
aead,zen4,1600,intel-one-shot-seal,tsc_ticks_per_byte,1.19606069
aead,zen4,1600,intel-one-shot-open,core_cycles_per_byte,1.33305952
aead,zen4,1600,intel-one-shot-open,instructions_per_byte,2.44437890
aead,zen4,1600,intel-one-shot-open,tsc_ticks_per_byte,1.17837192
aead,zen4,1600,boringssl-stitched-seal,core_cycles_per_byte,1.78658031
aead,zen4,1600,boringssl-stitched-seal,instructions_per_byte,5.86500536
aead,zen4,1600,boringssl-stitched-seal,tsc_ticks_per_byte,1.36126538
aead,zen4,1600,boringssl-stitched-open,core_cycles_per_byte,1.72154395
aead,zen4,1600,boringssl-stitched-open,instructions_per_byte,5.83062992
aead,zen4,1600,boringssl-stitched-open,tsc_ticks_per_byte,1.40802132
aead,zen4,1600,ahead-fused-seal,core_cycles_per_byte,1.25544946
aead,zen4,1600,ahead-fused-seal,instructions_per_byte,3.17188054
aead,zen4,1600,ahead-fused-seal,tsc_ticks_per_byte,1.13532837
aead,zen4,1600,ahead-fused-open,core_cycles_per_byte,1.26921105
aead,zen4,1600,ahead-fused-open,instructions_per_byte,3.16437953
aead,zen4,1600,ahead-fused-open,tsc_ticks_per_byte,1.16341138
aead,zen4,1600,intel-direct-seal,core_cycles_per_byte,1.45945100
aead,zen4,1600,intel-direct-seal,instructions_per_byte,2.69313033
aead,zen4,1600,intel-direct-seal,tsc_ticks_per_byte,1.31171439
aead,zen4,1600,intel-direct-open,core_cycles_per_byte,1.50347563
aead,zen4,1600,intel-direct-open,instructions_per_byte,2.71062977
aead,zen4,1600,intel-direct-open,tsc_ticks_per_byte,1.42215399
aead,zen4,1984,intel-one-shot-seal,core_cycles_per_byte,1.11958028
aead,zen4,1984,intel-one-shot-seal,instructions_per_byte,2.02167747
aead,zen4,1984,intel-one-shot-seal,tsc_ticks_per_byte,1.05765966
aead,zen4,1984,intel-one-shot-open,core_cycles_per_byte,1.14455980
aead,zen4,1984,intel-one-shot-open,instructions_per_byte,2.07208013
aead,zen4,1984,intel-one-shot-open,tsc_ticks_per_byte,0.91898337
aead,zen4,1984,boringssl-stitched-seal,core_cycles_per_byte,1.76047187
aead,zen4,1984,boringssl-stitched-seal,instructions_per_byte,5.94254661
aead,zen4,1984,boringssl-stitched-seal,tsc_ticks_per_byte,1.53382887
aead,zen4,1984,boringssl-stitched-open,core_cycles_per_byte,1.63842880
aead,zen4,1984,boringssl-stitched-open,instructions_per_byte,5.81552953
aead,zen4,1984,boringssl-stitched-open,tsc_ticks_per_byte,1.24829949
aead,zen4,1984,ahead-fused-seal,core_cycles_per_byte,1.08405683
aead,zen4,1984,ahead-fused-seal,instructions_per_byte,2.67389518
aead,zen4,1984,ahead-fused-seal,tsc_ticks_per_byte,0.96108830
aead,zen4,1984,ahead-fused-open,core_cycles_per_byte,1.08492526
aead,zen4,1984,ahead-fused-open,instructions_per_byte,2.66784682
aead,zen4,1984,ahead-fused-open,tsc_ticks_per_byte,0.93441060
aead,zen4,1984,intel-direct-seal,core_cycles_per_byte,1.24623475
aead,zen4,1984,intel-direct-seal,instructions_per_byte,2.27923858
aead,zen4,1984,intel-direct-seal,tsc_ticks_per_byte,1.01036890
aead,zen4,1984,intel-direct-open,core_cycles_per_byte,1.28088366
aead,zen4,1984,intel-direct-open,instructions_per_byte,2.29335029
aead,zen4,1984,intel-direct-open,tsc_ticks_per_byte,1.12480580
aead,zen4,2048,intel-one-shot-seal,core_cycles_per_byte,1.24927035
aead,zen4,2048,intel-one-shot-seal,instructions_per_byte,2.10205555
aead,zen4,2048,intel-one-shot-seal,tsc_ticks_per_byte,1.09016830
aead,zen4,2048,intel-one-shot-open,core_cycles_per_byte,1.25878438
aead,zen4,2048,intel-one-shot-open,instructions_per_byte,2.14795408
aead,zen4,2048,intel-one-shot-open,tsc_ticks_per_byte,1.08338356
aead,zen4,2048,boringssl-stitched-seal,core_cycles_per_byte,1.73471576
aead,zen4,2048,boringssl-stitched-seal,instructions_per_byte,5.86426395
aead,zen4,2048,boringssl-stitched-seal,tsc_ticks_per_byte,1.37122244
aead,zen4,2048,boringssl-stitched-open,core_cycles_per_byte,1.69166207
aead,zen4,2048,boringssl-stitched-open,instructions_per_byte,5.91895050
aead,zen4,2048,boringssl-stitched-open,tsc_ticks_per_byte,1.40198535
aead,zen4,2048,ahead-fused-seal,core_cycles_per_byte,1.02478030
aead,zen4,2048,ahead-fused-seal,instructions_per_byte,2.55664441
aead,zen4,2048,ahead-fused-seal,tsc_ticks_per_byte,0.79346883
aead,zen4,2048,ahead-fused-open,core_cycles_per_byte,1.02868801
aead,zen4,2048,ahead-fused-open,instructions_per_byte,2.55078492
aead,zen4,2048,ahead-fused-open,tsc_ticks_per_byte,0.84523714
aead,zen4,2048,intel-direct-seal,core_cycles_per_byte,1.17532161
aead,zen4,2048,intel-direct-seal,instructions_per_byte,2.16308978
aead,zen4,2048,intel-direct-seal,tsc_ticks_per_byte,1.02707511
aead,zen4,2048,intel-direct-open,core_cycles_per_byte,1.21284595
aead,zen4,2048,intel-direct-open,instructions_per_byte,2.17676163
aead,zen4,2048,intel-direct-open,tsc_ticks_per_byte,1.05326617
aead,zen4,2049,intel-one-shot-seal,core_cycles_per_byte,1.27074427
aead,zen4,2049,intel-one-shot-seal,instructions_per_byte,2.12347966
aead,zen4,2049,intel-one-shot-seal,tsc_ticks_per_byte,1.16886971
aead,zen4,2049,intel-one-shot-open,core_cycles_per_byte,1.26170519
aead,zen4,2049,intel-one-shot-open,instructions_per_byte,2.16935537
aead,zen4,2049,intel-one-shot-open,tsc_ticks_per_byte,1.04896976
aead,zen4,2049,boringssl-stitched-seal,core_cycles_per_byte,1.73307997
aead,zen4,2049,boringssl-stitched-seal,instructions_per_byte,5.88970769
aead,zen4,2049,boringssl-stitched-seal,tsc_ticks_per_byte,1.31664588
aead,zen4,2049,boringssl-stitched-open,core_cycles_per_byte,1.71515893
aead,zen4,2049,boringssl-stitched-open,instructions_per_byte,5.94339176
aead,zen4,2049,boringssl-stitched-open,tsc_ticks_per_byte,1.30047394
aead,zen4,2049,ahead-fused-seal,core_cycles_per_byte,1.09701189
aead,zen4,2049,ahead-fused-seal,instructions_per_byte,3.13568056
aead,zen4,2049,ahead-fused-seal,tsc_ticks_per_byte,0.95079886
aead,zen4,2049,ahead-fused-open,core_cycles_per_byte,1.10050365
aead,zen4,2049,ahead-fused-open,instructions_per_byte,3.16544963
aead,zen4,2049,ahead-fused-open,tsc_ticks_per_byte,0.91822283
aead,zen4,2049,intel-direct-seal,core_cycles_per_byte,1.37504494
aead,zen4,2049,intel-direct-seal,instructions_per_byte,2.38165289
aead,zen4,2049,intel-direct-seal,tsc_ticks_per_byte,1.09090467
aead,zen4,2049,intel-direct-open,core_cycles_per_byte,1.39417565
aead,zen4,2049,intel-direct-open,instructions_per_byte,2.39531929
aead,zen4,2049,intel-direct-open,tsc_ticks_per_byte,1.30501295
aead,zen4,2176,intel-one-shot-seal,core_cycles_per_byte,1.19976250
aead,zen4,2176,intel-one-shot-seal,instructions_per_byte,2.01700916
aead,zen4,2176,intel-one-shot-seal,tsc_ticks_per_byte,1.12233563
aead,zen4,2176,intel-one-shot-open,core_cycles_per_byte,1.21529711
aead,zen4,2176,intel-one-shot-open,instructions_per_byte,2.06020683
aead,zen4,2176,intel-one-shot-open,tsc_ticks_per_byte,1.09990976
aead,zen4,2176,boringssl-stitched-seal,core_cycles_per_byte,1.70732126
aead,zen4,2176,boringssl-stitched-seal,instructions_per_byte,5.96783798
aead,zen4,2176,boringssl-stitched-seal,tsc_ticks_per_byte,1.46386759
aead,zen4,2176,boringssl-stitched-open,core_cycles_per_byte,1.74363076
aead,zen4,2176,boringssl-stitched-open,instructions_per_byte,5.88465622
aead,zen4,2176,boringssl-stitched-open,tsc_ticks_per_byte,1.38522641
aead,zen4,2176,ahead-fused-seal,core_cycles_per_byte,1.22617724
aead,zen4,2176,ahead-fused-seal,instructions_per_byte,3.47748612
aead,zen4,2176,ahead-fused-seal,tsc_ticks_per_byte,0.97188907
aead,zen4,2176,ahead-fused-open,core_cycles_per_byte,1.21438905
aead,zen4,2176,ahead-fused-open,instructions_per_byte,3.50551965
aead,zen4,2176,ahead-fused-open,tsc_ticks_per_byte,1.11545793
aead,zen4,2176,intel-direct-seal,core_cycles_per_byte,1.29323873
aead,zen4,2176,intel-direct-seal,instructions_per_byte,2.24035287
aead,zen4,2176,intel-direct-seal,tsc_ticks_per_byte,1.03111458
aead,zen4,2176,intel-direct-open,core_cycles_per_byte,1.32217321
aead,zen4,2176,intel-direct-open,instructions_per_byte,2.25322046
aead,zen4,2176,intel-direct-open,tsc_ticks_per_byte,1.03631504
aead,zen4,2432,intel-one-shot-seal,core_cycles_per_byte,1.16212692
aead,zen4,2432,intel-one-shot-seal,instructions_per_byte,1.99054667
aead,zen4,2432,intel-one-shot-seal,tsc_ticks_per_byte,1.05433020
aead,zen4,2432,intel-one-shot-open,core_cycles_per_byte,1.17265752
aead,zen4,2432,intel-one-shot-open,instructions_per_byte,2.02919858
aead,zen4,2432,intel-one-shot-open,tsc_ticks_per_byte,1.01690019
aead,zen4,2432,boringssl-stitched-seal,core_cycles_per_byte,1.69935088
aead,zen4,2432,boringssl-stitched-seal,instructions_per_byte,5.92763706
aead,zen4,2432,boringssl-stitched-seal,tsc_ticks_per_byte,1.39645054
aead,zen4,2432,boringssl-stitched-open,core_cycles_per_byte,1.60243169
aead,zen4,2432,boringssl-stitched-open,instructions_per_byte,5.83800051
aead,zen4,2432,boringssl-stitched-open,tsc_ticks_per_byte,1.35095492
aead,zen4,2432,ahead-fused-seal,core_cycles_per_byte,1.11534055
aead,zen4,2432,ahead-fused-seal,instructions_per_byte,3.34663225
aead,zen4,2432,ahead-fused-seal,tsc_ticks_per_byte,0.91829519
aead,zen4,2432,ahead-fused-open,core_cycles_per_byte,1.13031675
aead,zen4,2432,ahead-fused-open,instructions_per_byte,3.37706021
aead,zen4,2432,ahead-fused-open,tsc_ticks_per_byte,1.03119451
aead,zen4,2432,intel-direct-seal,core_cycles_per_byte,1.25683313
aead,zen4,2432,intel-direct-seal,instructions_per_byte,2.18997074
aead,zen4,2432,intel-direct-seal,tsc_ticks_per_byte,1.12827517
aead,zen4,2432,intel-direct-open,core_cycles_per_byte,1.27956876
aead,zen4,2432,intel-direct-open,instructions_per_byte,2.20148572
aead,zen4,2432,intel-direct-open,tsc_ticks_per_byte,1.11114509
aead,zen4,2560,intel-one-shot-seal,core_cycles_per_byte,1.15896280
aead,zen4,2560,intel-one-shot-seal,instructions_per_byte,2.06094099
aead,zen4,2560,intel-one-shot-seal,tsc_ticks_per_byte,0.91899313
aead,zen4,2560,intel-one-shot-open,core_cycles_per_byte,1.18300383
aead,zen4,2560,intel-one-shot-open,instructions_per_byte,2.09883248
aead,zen4,2560,intel-one-shot-open,tsc_ticks_per_byte,0.98665354
aead,zen4,2560,boringssl-stitched-seal,core_cycles_per_byte,1.65195956
aead,zen4,2560,boringssl-stitched-seal,instructions_per_byte,5.79297426
aead,zen4,2560,boringssl-stitched-seal,tsc_ticks_per_byte,1.46104086
aead,zen4,2560,boringssl-stitched-open,core_cycles_per_byte,1.64646816
aead,zen4,2560,boringssl-stitched-open,instructions_per_byte,5.84219316
aead,zen4,2560,boringssl-stitched-open,tsc_ticks_per_byte,1.36350721
aead,zen4,2560,ahead-fused-seal,core_cycles_per_byte,1.08863152
aead,zen4,2560,ahead-fused-seal,instructions_per_byte,3.20469272
aead,zen4,2560,ahead-fused-seal,tsc_ticks_per_byte,1.04470691
aead,zen4,2560,ahead-fused-open,core_cycles_per_byte,1.11394070
aead,zen4,2560,ahead-fused-open,instructions_per_byte,3.23359777
aead,zen4,2560,ahead-fused-open,tsc_ticks_per_byte,1.03781901
aead,zen4,2560,intel-direct-seal,core_cycles_per_byte,1.19021327
aead,zen4,2560,intel-direct-seal,instructions_per_byte,2.09492727
aead,zen4,2560,intel-direct-seal,tsc_ticks_per_byte,1.06660843
aead,zen4,2560,intel-direct-open,core_cycles_per_byte,1.21911955
aead,zen4,2560,intel-direct-open,instructions_per_byte,2.10586447
aead,zen4,2560,intel-direct-open,tsc_ticks_per_byte,1.10006038
aead,zen4,4096,intel-one-shot-seal,core_cycles_per_byte,1.08333451
aead,zen4,4096,intel-one-shot-seal,instructions_per_byte,1.81812024
aead,zen4,4096,intel-one-shot-seal,tsc_ticks_per_byte,1.04324591
aead,zen4,4096,intel-one-shot-open,core_cycles_per_byte,1.09450236
aead,zen4,4096,intel-one-shot-open,instructions_per_byte,1.84106824
aead,zen4,4096,intel-one-shot-open,tsc_ticks_per_byte,0.86039096
aead,zen4,4096,boringssl-stitched-seal,core_cycles_per_byte,1.55520701
aead,zen4,4096,boringssl-stitched-seal,instructions_per_byte,5.68603927
aead,zen4,4096,boringssl-stitched-seal,tsc_ticks_per_byte,1.17065197
aead,zen4,4096,boringssl-stitched-open,core_cycles_per_byte,1.54994941
aead,zen4,4096,boringssl-stitched-open,instructions_per_byte,5.72705537
aead,zen4,4096,boringssl-stitched-open,tsc_ticks_per_byte,1.17947179
aead,zen4,4096,ahead-fused-seal,core_cycles_per_byte,1.00840449
aead,zen4,4096,ahead-fused-seal,instructions_per_byte,3.46582419
aead,zen4,4096,ahead-fused-seal,tsc_ticks_per_byte,0.76473308
aead,zen4,4096,ahead-fused-open,core_cycles_per_byte,1.03089446
aead,zen4,4096,ahead-fused-open,instructions_per_byte,3.46387097
aead,zen4,4096,ahead-fused-open,tsc_ticks_per_byte,0.78296840
aead,zen4,4096,intel-direct-seal,core_cycles_per_byte,1.03964585
aead,zen4,4096,intel-direct-seal,instructions_per_byte,1.84912547
aead,zen4,4096,intel-direct-seal,tsc_ticks_per_byte,0.90180039
aead,zen4,4096,intel-direct-open,core_cycles_per_byte,1.06596261
aead,zen4,4096,intel-direct-open,instructions_per_byte,1.85596198
aead,zen4,4096,intel-direct-open,tsc_ticks_per_byte,0.96071130
aead,zen4,4229,intel-one-shot-seal,core_cycles_per_byte,1.07380888
aead,zen4,4229,intel-one-shot-seal,instructions_per_byte,1.79097303
aead,zen4,4229,intel-one-shot-seal,tsc_ticks_per_byte,1.03684530
aead,zen4,4229,intel-one-shot-open,core_cycles_per_byte,1.06633128
aead,zen4,4229,intel-one-shot-open,instructions_per_byte,1.81319917
aead,zen4,4229,intel-one-shot-open,tsc_ticks_per_byte,0.88230449
aead,zen4,4229,boringssl-stitched-seal,core_cycles_per_byte,1.56549249
aead,zen4,4229,boringssl-stitched-seal,instructions_per_byte,5.76117768
aead,zen4,4229,boringssl-stitched-seal,tsc_ticks_per_byte,1.18695900
aead,zen4,4229,boringssl-stitched-open,core_cycles_per_byte,1.59972236
aead,zen4,4229,boringssl-stitched-open,instructions_per_byte,5.73114810
aead,zen4,4229,boringssl-stitched-open,tsc_ticks_per_byte,1.22273255
aead,zen4,4229,ahead-fused-seal,core_cycles_per_byte,1.08175961
aead,zen4,4229,ahead-fused-seal,instructions_per_byte,3.59541585
aead,zen4,4229,ahead-fused-seal,tsc_ticks_per_byte,0.81374389
aead,zen4,4229,ahead-fused-open,core_cycles_per_byte,1.08686910
aead,zen4,4229,ahead-fused-open,instructions_per_byte,3.59399782
aead,zen4,4229,ahead-fused-open,tsc_ticks_per_byte,0.98294430
aead,zen4,4229,intel-direct-seal,core_cycles_per_byte,1.12533560
aead,zen4,4229,intel-direct-seal,instructions_per_byte,1.91724268
aead,zen4,4229,intel-direct-seal,tsc_ticks_per_byte,1.00845024
aead,zen4,4229,intel-direct-open,core_cycles_per_byte,1.12780486
aead,zen4,4229,intel-direct-open,instructions_per_byte,1.92386303
aead,zen4,4229,intel-direct-open,tsc_ticks_per_byte,0.98242446
aead,zen4,8192,intel-one-shot-seal,core_cycles_per_byte,0.99321336
aead,zen4,8192,intel-one-shot-seal,instructions_per_byte,1.67615226
aead,zen4,8192,intel-one-shot-seal,tsc_ticks_per_byte,0.90083778
aead,zen4,8192,intel-one-shot-open,core_cycles_per_byte,1.00452673
aead,zen4,8192,intel-one-shot-open,instructions_per_byte,1.68762603
aead,zen4,8192,intel-one-shot-open,tsc_ticks_per_byte,0.82243335
aead,zen4,8192,boringssl-stitched-seal,core_cycles_per_byte,1.47864312
aead,zen4,8192,boringssl-stitched-seal,instructions_per_byte,5.59692788
aead,zen4,8192,boringssl-stitched-seal,tsc_ticks_per_byte,1.11730498
aead,zen4,8192,boringssl-stitched-open,core_cycles_per_byte,1.49244496
aead,zen4,8192,boringssl-stitched-open,instructions_per_byte,5.63110778
aead,zen4,8192,boringssl-stitched-open,tsc_ticks_per_byte,1.37313974
aead,zen4,8192,ahead-fused-seal,core_cycles_per_byte,0.94430131
aead,zen4,8192,ahead-fused-seal,instructions_per_byte,3.39062819
aead,zen4,8192,ahead-fused-seal,tsc_ticks_per_byte,0.71142006
aead,zen4,8192,ahead-fused-open,core_cycles_per_byte,0.93739086
aead,zen4,8192,ahead-fused-open,instructions_per_byte,3.38916421
aead,zen4,8192,ahead-fused-open,tsc_ticks_per_byte,0.75427228
aead,zen4,8192,intel-direct-seal,core_cycles_per_byte,0.97517857
aead,zen4,8192,intel-direct-seal,instructions_per_byte,1.69214275
aead,zen4,8192,intel-direct-seal,tsc_ticks_per_byte,0.80892956
aead,zen4,8192,intel-direct-open,core_cycles_per_byte,0.99356657
aead,zen4,8192,intel-direct-open,instructions_per_byte,1.69556156
aead,zen4,8192,intel-direct-open,tsc_ticks_per_byte,0.95788461
aead,zen4,9000,intel-one-shot-seal,core_cycles_per_byte,0.96684183
aead,zen4,9000,intel-one-shot-seal,instructions_per_byte,1.66055913
aead,zen4,9000,intel-one-shot-seal,tsc_ticks_per_byte,0.84159716
aead,zen4,9000,intel-one-shot-open,core_cycles_per_byte,0.97531524
aead,zen4,9000,intel-one-shot-open,instructions_per_byte,1.67133730
aead,zen4,9000,intel-one-shot-open,tsc_ticks_per_byte,0.88218056
aead,zen4,9000,boringssl-stitched-seal,core_cycles_per_byte,1.47996027
aead,zen4,9000,boringssl-stitched-seal,instructions_per_byte,5.62556044
aead,zen4,9000,boringssl-stitched-seal,tsc_ticks_per_byte,1.13146722
aead,zen4,9000,boringssl-stitched-open,core_cycles_per_byte,1.51166321
aead,zen4,9000,boringssl-stitched-open,instructions_per_byte,5.63700656
aead,zen4,9000,boringssl-stitched-open,tsc_ticks_per_byte,1.41913102
aead,zen4,9000,ahead-fused-seal,core_cycles_per_byte,0.98005645
aead,zen4,9000,ahead-fused-seal,instructions_per_byte,3.50133712
aead,zen4,9000,ahead-fused-seal,tsc_ticks_per_byte,0.75138114
aead,zen4,9000,ahead-fused-open,core_cycles_per_byte,0.97863042
aead,zen4,9000,ahead-fused-open,instructions_per_byte,3.49989232
aead,zen4,9000,ahead-fused-open,tsc_ticks_per_byte,0.75576305
aead,zen4,9000,intel-direct-seal,core_cycles_per_byte,0.99987518
aead,zen4,9000,intel-direct-seal,instructions_per_byte,1.72233807
aead,zen4,9000,intel-direct-seal,tsc_ticks_per_byte,0.93837643
aead,zen4,9000,intel-direct-open,core_cycles_per_byte,1.00519844
aead,zen4,9000,intel-direct-open,instructions_per_byte,1.72544802
aead,zen4,9000,intel-direct-open,tsc_ticks_per_byte,0.89711803
aead,zen4,16384,intel-one-shot-seal,core_cycles_per_byte,0.95067391
aead,zen4,16384,intel-one-shot-seal,instructions_per_byte,1.60516718
aead,zen4,16384,intel-one-shot-seal,tsc_ticks_per_byte,0.78753120
aead,zen4,16384,intel-one-shot-open,core_cycles_per_byte,0.95641404
aead,zen4,16384,intel-one-shot-open,instructions_per_byte,1.61090502
aead,zen4,16384,intel-one-shot-open,tsc_ticks_per_byte,0.78264111
aead,zen4,16384,boringssl-stitched-seal,core_cycles_per_byte,1.42913574
aead,zen4,16384,boringssl-stitched-seal,instructions_per_byte,5.55237406
aead,zen4,16384,boringssl-stitched-seal,tsc_ticks_per_byte,1.10384989
aead,zen4,16384,boringssl-stitched-open,core_cycles_per_byte,1.44124189
aead,zen4,16384,boringssl-stitched-open,instructions_per_byte,5.58313525
aead,zen4,16384,boringssl-stitched-open,tsc_ticks_per_byte,1.16136330
aead,zen4,16384,ahead-fused-seal,core_cycles_per_byte,0.91410562
aead,zen4,16384,ahead-fused-seal,instructions_per_byte,3.35370314
aead,zen4,16384,ahead-fused-seal,tsc_ticks_per_byte,0.70794332
aead,zen4,16384,ahead-fused-open,core_cycles_per_byte,0.92393264
aead,zen4,16384,ahead-fused-open,instructions_per_byte,3.35248110
aead,zen4,16384,ahead-fused-open,tsc_ticks_per_byte,0.70252210
aead,zen4,16384,intel-direct-seal,core_cycles_per_byte,0.94113883
aead,zen4,16384,intel-direct-seal,instructions_per_byte,1.61365137
aead,zen4,16384,intel-direct-seal,tsc_ticks_per_byte,0.78991395
aead,zen4,16384,intel-direct-open,core_cycles_per_byte,0.94934177
aead,zen4,16384,intel-direct-open,instructions_per_byte,1.61536035
aead,zen4,16384,intel-direct-open,tsc_ticks_per_byte,0.91203356
aead,zen4,16385,intel-one-shot-seal,core_cycles_per_byte,0.95524053
aead,zen4,16385,intel-one-shot-seal,instructions_per_byte,1.60787705
aead,zen4,16385,intel-one-shot-seal,tsc_ticks_per_byte,0.82201902
aead,zen4,16385,intel-one-shot-open,core_cycles_per_byte,0.95641241
aead,zen4,16385,intel-one-shot-open,instructions_per_byte,1.61361389
aead,zen4,16385,intel-one-shot-open,tsc_ticks_per_byte,0.81457313
aead,zen4,16385,boringssl-stitched-seal,core_cycles_per_byte,1.44610810
aead,zen4,16385,boringssl-stitched-seal,instructions_per_byte,5.55557323
aead,zen4,16385,boringssl-stitched-seal,tsc_ticks_per_byte,1.09688604
aead,zen4,16385,boringssl-stitched-open,core_cycles_per_byte,1.43977812
aead,zen4,16385,boringssl-stitched-open,instructions_per_byte,5.58621199
aead,zen4,16385,boringssl-stitched-open,tsc_ticks_per_byte,1.16076415
aead,zen4,16385,ahead-fused-seal,core_cycles_per_byte,0.93545940
aead,zen4,16385,ahead-fused-seal,instructions_per_byte,3.31755062
aead,zen4,16385,ahead-fused-seal,tsc_ticks_per_byte,0.72901898
aead,zen4,16385,ahead-fused-open,core_cycles_per_byte,0.94477490
aead,zen4,16385,ahead-fused-open,instructions_per_byte,3.31651249
aead,zen4,16385,ahead-fused-open,tsc_ticks_per_byte,0.72021239
aead,zen4,16385,intel-direct-seal,core_cycles_per_byte,0.96884955
aead,zen4,16385,intel-direct-seal,instructions_per_byte,1.64101742
aead,zen4,16385,intel-direct-seal,tsc_ticks_per_byte,0.77054355
aead,zen4,16385,intel-direct-open,core_cycles_per_byte,0.97187080
aead,zen4,16385,intel-direct-open,instructions_per_byte,1.64272630
aead,zen4,16385,intel-direct-open,tsc_ticks_per_byte,0.85659167
aead,zen4,32768,intel-one-shot-seal,core_cycles_per_byte,0.92898640
aead,zen4,32768,intel-one-shot-seal,instructions_per_byte,1.56967539
aead,zen4,32768,intel-one-shot-seal,tsc_ticks_per_byte,0.79353905
aead,zen4,32768,intel-one-shot-open,core_cycles_per_byte,0.93321061
aead,zen4,32768,intel-one-shot-open,instructions_per_byte,1.57254407
aead,zen4,32768,intel-one-shot-open,tsc_ticks_per_byte,0.83347058
aead,zen4,32768,boringssl-stitched-seal,core_cycles_per_byte,1.41069561
aead,zen4,32768,boringssl-stitched-seal,instructions_per_byte,5.53009427
aead,zen4,32768,boringssl-stitched-seal,tsc_ticks_per_byte,1.06507802
aead,zen4,32768,boringssl-stitched-open,core_cycles_per_byte,1.42051941
aead,zen4,32768,boringssl-stitched-open,instructions_per_byte,5.55914792
aead,zen4,32768,boringssl-stitched-open,tsc_ticks_per_byte,1.24393982
aead,zen4,32768,ahead-fused-seal,core_cycles_per_byte,0.90315410
aead,zen4,32768,ahead-fused-seal,instructions_per_byte,3.33423209
aead,zen4,32768,ahead-fused-seal,tsc_ticks_per_byte,0.69312131
aead,zen4,32768,ahead-fused-open,core_cycles_per_byte,0.90178373
aead,zen4,32768,ahead-fused-open,instructions_per_byte,3.33313313
aead,zen4,32768,ahead-fused-open,tsc_ticks_per_byte,0.68970573
aead,zen4,32768,intel-direct-seal,core_cycles_per_byte,0.92516229
aead,zen4,32768,intel-direct-seal,instructions_per_byte,1.57440543
aead,zen4,32768,intel-direct-seal,tsc_ticks_per_byte,0.77916437
aead,zen4,32768,intel-direct-open,core_cycles_per_byte,0.92724833
aead,zen4,32768,intel-direct-open,instructions_per_byte,1.57526061
aead,zen4,32768,intel-direct-open,tsc_ticks_per_byte,0.80631012
aead,zen4,65536,intel-one-shot-seal,core_cycles_per_byte,0.91839689
aead,zen4,65536,intel-one-shot-seal,instructions_per_byte,1.55192930
aead,zen4,65536,intel-one-shot-seal,tsc_ticks_per_byte,0.75856894
aead,zen4,65536,intel-one-shot-open,core_cycles_per_byte,0.92318636
aead,zen4,65536,intel-one-shot-open,instructions_per_byte,1.55336407
aead,zen4,65536,intel-one-shot-open,tsc_ticks_per_byte,0.82346392
aead,zen4,65536,boringssl-stitched-seal,core_cycles_per_byte,1.39234766
aead,zen4,65536,boringssl-stitched-seal,instructions_per_byte,5.51895562
aead,zen4,65536,boringssl-stitched-seal,tsc_ticks_per_byte,1.05623895
aead,zen4,65536,boringssl-stitched-open,core_cycles_per_byte,1.41840190
aead,zen4,65536,boringssl-stitched-open,instructions_per_byte,5.54715425
aead,zen4,65536,boringssl-stitched-open,tsc_ticks_per_byte,1.08208799
aead,zen4,65536,ahead-fused-seal,core_cycles_per_byte,0.87658489
aead,zen4,65536,ahead-fused-seal,instructions_per_byte,3.32483250
aead,zen4,65536,ahead-fused-seal,tsc_ticks_per_byte,0.67175919
aead,zen4,65536,ahead-fused-open,core_cycles_per_byte,0.88035214
aead,zen4,65536,ahead-fused-open,instructions_per_byte,3.32379505
aead,zen4,65536,ahead-fused-open,tsc_ticks_per_byte,0.67320538
aead,zen4,65536,intel-direct-seal,core_cycles_per_byte,0.91723660
aead,zen4,65536,intel-direct-seal,instructions_per_byte,1.55478382
aead,zen4,65536,intel-direct-seal,tsc_ticks_per_byte,0.84369242
aead,zen4,65536,intel-direct-open,core_cycles_per_byte,0.91791993
aead,zen4,65536,intel-direct-open,instructions_per_byte,1.55520913
aead,zen4,65536,intel-direct-open,tsc_ticks_per_byte,0.75372529
